dataset,instancia,negocios,C,archivo
BT-mejor-fact,BT-M-F-1,1,1,..\instances\BT-mejor-fact\BT-M-F-1.txt
BT-mejor-fact,BT-M-F-2,2,2,..\instances\BT-mejor-fact\BT-M-F-2.txt
BT-mejor-fact,BT-M-F-3,3,3,..\instances\BT-mejor-fact\BT-M-F-3.txt
BT-mejor-fact,BT-M-F-4,4,4,..\instances\BT-mejor-fact\BT-M-F-4.txt
BT-mejor-fact,BT-M-F-5,5,5,..\instances\BT-mejor-fact\BT-M-F-5.txt
BT-mejor-fact,BT-M-F-6,6,6,..\instances\BT-mejor-fact\BT-M-F-6.txt
BT-mejor-fact,BT-M-F-7,7,7,..\instances\BT-mejor-fact\BT-M-F-7.txt
BT-mejor-fact,BT-M-F-8,8,8,..\instances\BT-mejor-fact\BT-M-F-8.txt
BT-mejor-fact,BT-M-F-9,9,9,..\instances\BT-mejor-fact\BT-M-F-9.txt
BT-mejor-fact,BT-M-F-10,10,10,..\instances\BT-mejor-fact\BT-M-F-10.txt
BT-mejor-fact,BT-M-F-11,11,11,..\instances\BT-mejor-fact\BT-M-F-11.txt
BT-mejor-fact,BT-M-F-12,12,12,..\instances\BT-mejor-fact\BT-M-F-12.txt
BT-mejor-fact,BT-M-F-13,13,13,..\instances\BT-mejor-fact\BT-M-F-13.txt
BT-mejor-fact,BT-M-F-14,14,14,..\instances\BT-mejor-fact\BT-M-F-14.txt
BT-mejor-fact,BT-M-F-15,15,15,..\instances\BT-mejor-fact\BT-M-F-15.txt
BT-mejor-fact,BT-M-F-16,16,16,..\instances\BT-mejor-fact\BT-M-F-16.txt
BT-mejor-fact,BT-M-F-17,17,17,..\instances\BT-mejor-fact\BT-M-F-17.txt
BT-mejor-fact,BT-M-F-18,18,18,..\instances\BT-mejor-fact\BT-M-F-18.txt
BT-mejor-fact,BT-M-F-19,19,19,..\instances\BT-mejor-fact\BT-M-F-19.txt
BT-mejor-fact,BT-M-F-20,20,20,..\instances\BT-mejor-fact\BT-M-F-20.txt
BT-mejor-fact,BT-M-F-21,21,21,..\instances\BT-mejor-fact\BT-M-F-21.txt
BT-mejor-fact,BT-M-F-22,22,22,..\instances\BT-mejor-fact\BT-M-F-22.txt
BT-mejor-fact,BT-M-F-23,23,23,..\instances\BT-mejor-fact\BT-M-F-23.txt
BT-mejor-fact,BT-M-F-24,24,24,..\instances\BT-mejor-fact\BT-M-F-24.txt
BT-mejor-fact,BT-M-F-25,25,25,..\instances\BT-mejor-fact\BT-M-F-25.txt
BT-mejor-fact,BT-M-F-26,26,26,..\instances\BT-mejor-fact\BT-M-F-26.txt
BT-mejor-fact,BT-M-F-27,27,27,..\instances\BT-mejor-fact\BT-M-F-27.txt
BT-mejor-fact,BT-M-F-28,28,28,..\instances\BT-mejor-fact\BT-M-F-28.txt
BT-mejor-fact,BT-M-F-29,29,29,..\instances\BT-mejor-fact\BT-M-F-29.txt
BT-mejor-fact,BT-M-F-30,30,30,..\instances\BT-mejor-fact\BT-M-F-30.txt
BT-mejor-fact,BT-M-F-31,31,31,..\instances\BT-mejor-fact\BT-M-F-31.txt
BT-mejor-fact,BT-M-F-32,32,32,..\instances\BT-mejor-fact\BT-M-F-32.txt
BT-mejor-fact,BT-M-F-33,33,33,..\instances\BT-mejor-fact\BT-M-F-33.txt
BT-mejor-fact,BT-M-F-34,34,34,..\instances\BT-mejor-fact\BT-M-F-34.txt
BT-mejor-fact,BT-M-F-35,35,35,..\instances\BT-mejor-fact\BT-M-F-35.txt
BT-mejor-fact,BT-M-F-36,36,36,..\instances\BT-mejor-fact\BT-M-F-36.txt
BT-mejor-fact,BT-M-F-37,37,37,..\instances\BT-mejor-fact\BT-M-F-37.txt
BT-mejor-fact,BT-M-F-38,38,38,..\instances\BT-mejor-fact\BT-M-F-38.txt
BT-mejor-fact,BT-M-F-39,39,39,..\instances\BT-mejor-fact\BT-M-F-39.txt
BT-mejor-fact,BT-M-F-40,40,40,..\instances\BT-mejor-fact\BT-M-F-40.txt
BT-mejor-fact,BT-M-F-41,41,41,..\instances\BT-mejor-fact\BT-M-F-41.txt
BT-mejor-fact,BT-M-F-42,42,42,..\instances\BT-mejor-fact\BT-M-F-42.txt
BT-mejor-fact,BT-M-F-43,43,43,..\instances\BT-mejor-fact\BT-M-F-43.txt
BT-mejor-fact,BT-M-F-44,44,44,..\instances\BT-mejor-fact\BT-M-F-44.txt
BT-mejor-fact,BT-M-F-45,45,45,..\instances\BT-mejor-fact\BT-M-F-45.txt
BT-mejor-fact,BT-M-F-46,46,46,..\instances\BT-mejor-fact\BT-M-F-46.txt
BT-mejor-fact,BT-M-F-47,47,47,..\instances\BT-mejor-fact\BT-M-F-47.txt
BT-mejor-fact,BT-M-F-48,48,48,..\instances\BT-mejor-fact\BT-M-F-48.txt
BT-mejor-fact,BT-M-F-49,49,49,..\instances\BT-mejor-fact\BT-M-F-49.txt
BT-mejor-fact,BT-M-F-50,50,50,..\instances\BT-mejor-fact\BT-M-F-50.txt
BT-mejor-fact,BT-M-F-51,51,51,..\instances\BT-mejor-fact\BT-M-F-51.txt
BT-mejor-fact,BT-M-F-52,52,52,..\instances\BT-mejor-fact\BT-M-F-52.txt
BT-mejor-fact,BT-M-F-53,53,53,..\instances\BT-mejor-fact\BT-M-F-53.txt
BT-mejor-fact,BT-M-F-54,54,54,..\instances\BT-mejor-fact\BT-M-F-54.txt
BT-mejor-fact,BT-M-F-55,55,55,..\instances\BT-mejor-fact\BT-M-F-55.txt
BT-mejor-fact,BT-M-F-56,56,56,..\instances\BT-mejor-fact\BT-M-F-56.txt
BT-mejor-fact,BT-M-F-57,57,57,..\instances\BT-mejor-fact\BT-M-F-57.txt
BT-mejor-fact,BT-M-F-58,58,58,..\instances\BT-mejor-fact\BT-M-F-58.txt
BT-mejor-fact,BT-M-F-59,59,59,..\instances\BT-mejor-fact\BT-M-F-59.txt
BT-mejor-fact,BT-M-F-60,60,60,..\instances\BT-mejor-fact\BT-M-F-60.txt
BT-mejor-fact,BT-M-F-61,61,61,..\instances\BT-mejor-fact\BT-M-F-61.txt
BT-mejor-fact,BT-M-F-62,62,62,..\instances\BT-mejor-fact\BT-M-F-62.txt
BT-mejor-fact,BT-M-F-63,63,63,..\instances\BT-mejor-fact\BT-M-F-63.txt
BT-mejor-fact,BT-M-F-64,64,64,..\instances\BT-mejor-fact\BT-M-F-64.txt
BT-mejor-fact,BT-M-F-65,65,65,..\instances\BT-mejor-fact\BT-M-F-65.txt
BT-mejor-fact,BT-M-F-66,66,66,..\instances\BT-mejor-fact\BT-M-F-66.txt
BT-mejor-fact,BT-M-F-67,67,67,..\instances\BT-mejor-fact\BT-M-F-67.txt
BT-mejor-fact,BT-M-F-68,68,68,..\instances\BT-mejor-fact\BT-M-F-68.txt
BT-mejor-fact,BT-M-F-69,69,69,..\instances\BT-mejor-fact\BT-M-F-69.txt
BT-mejor-fact,BT-M-F-70,70,70,..\instances\BT-mejor-fact\BT-M-F-70.txt
BT-mejor-fact,BT-M-F-71,71,71,..\instances\BT-mejor-fact\BT-M-F-71.txt
BT-mejor-fact,BT-M-F-72,72,72,..\instances\BT-mejor-fact\BT-M-F-72.txt
BT-mejor-fact,BT-M-F-73,73,73,..\instances\BT-mejor-fact\BT-M-F-73.txt
BT-mejor-fact,BT-M-F-74,74,74,..\instances\BT-mejor-fact\BT-M-F-74.txt
BT-mejor-fact,BT-M-F-75,75,75,..\instances\BT-mejor-fact\BT-M-F-75.txt
BT-mejor-fact,BT-M-F-76,76,76,..\instances\BT-mejor-fact\BT-M-F-76.txt
BT-mejor-fact,BT-M-F-77,77,77,..\instances\BT-mejor-fact\BT-M-F-77.txt
BT-mejor-fact,BT-M-F-78,78,78,..\instances\BT-mejor-fact\BT-M-F-78.txt
BT-mejor-fact,BT-M-F-79,79,79,..\instances\BT-mejor-fact\BT-M-F-79.txt
BT-mejor-fact,BT-M-F-80,80,80,..\instances\BT-mejor-fact\BT-M-F-80.txt
BT-mejor-fact,BT-M-F-81,81,81,..\instances\BT-mejor-fact\BT-M-F-81.txt
BT-mejor-fact,BT-M-F-82,82,82,..\instances\BT-mejor-fact\BT-M-F-82.txt
BT-mejor-fact,BT-M-F-83,83,83,..\instances\BT-mejor-fact\BT-M-F-83.txt
BT-mejor-fact,BT-M-F-84,84,84,..\instances\BT-mejor-fact\BT-M-F-84.txt
BT-mejor-fact,BT-M-F-85,85,85,..\instances\BT-mejor-fact\BT-M-F-85.txt
BT-mejor-fact,BT-M-F-86,86,86,..\instances\BT-mejor-fact\BT-M-F-86.txt
BT-mejor-fact,BT-M-F-87,87,87,..\instances\BT-mejor-fact\BT-M-F-87.txt
BT-mejor-fact,BT-M-F-88,88,88,..\instances\BT-mejor-fact\BT-M-F-88.txt
BT-mejor-fact,BT-M-F-89,89,89,..\instances\BT-mejor-fact\BT-M-F-89.txt
BT-mejor-fact,BT-M-F-90,90,90,..\instances\BT-mejor-fact\BT-M-F-90.txt
BT-mejor-fact,BT-M-F-91,91,91,..\instances\BT-mejor-fact\BT-M-F-91.txt
BT-mejor-fact,BT-M-F-92,92,92,..\instances\BT-mejor-fact\BT-M-F-92.txt
BT-mejor-fact,BT-M-F-93,93,93,..\instances\BT-mejor-fact\BT-M-F-93.txt
BT-mejor-fact,BT-M-F-94,94,94,..\instances\BT-mejor-fact\BT-M-F-94.txt
BT-mejor-fact,BT-M-F-95,95,95,..\instances\BT-mejor-fact\BT-M-F-95.txt
BT-mejor-fact,BT-M-F-96,96,96,..\instances\BT-mejor-fact\BT-M-F-96.txt
BT-mejor-fact,BT-M-F-97,97,97,..\instances\BT-mejor-fact\BT-M-F-97.txt
BT-mejor-fact,BT-M-F-98,98,98,..\instances\BT-mejor-fact\BT-M-F-98.txt
BT-mejor-fact,BT-M-F-99,99,99,..\instances\BT-mejor-fact\BT-M-F-99.txt
BT-mejor-fact,BT-M-F-100,100,100,..\instances\BT-mejor-fact\BT-M-F-100.txt
BT-mejor-fact,BT-M-F-101,101,101,..\instances\BT-mejor-fact\BT-M-F-101.txt
BT-mejor-fact,BT-M-F-102,102,102,..\instances\BT-mejor-fact\BT-M-F-102.txt
BT-mejor-fact,BT-M-F-103,103,103,..\instances\BT-mejor-fact\BT-M-F-103.txt
BT-mejor-fact,BT-M-F-104,104,104,..\instances\BT-mejor-fact\BT-M-F-104.txt
BT-mejor-fact,BT-M-F-105,105,105,..\instances\BT-mejor-fact\BT-M-F-105.txt
BT-mejor-fact,BT-M-F-106,106,106,..\instances\BT-mejor-fact\BT-M-F-106.txt
BT-mejor-fact,BT-M-F-107,107,107,..\instances\BT-mejor-fact\BT-M-F-107.txt
BT-mejor-fact,BT-M-F-108,108,108,..\instances\BT-mejor-fact\BT-M-F-108.txt
BT-mejor-fact,BT-M-F-109,109,109,..\instances\BT-mejor-fact\BT-M-F-109.txt
BT-mejor-fact,BT-M-F-110,110,110,..\instances\BT-mejor-fact\BT-M-F-110.txt
BT-mejor-fact,BT-M-F-111,111,111,..\instances\BT-mejor-fact\BT-M-F-111.txt
BT-mejor-fact,BT-M-F-112,112,112,..\instances\BT-mejor-fact\BT-M-F-112.txt
BT-mejor-fact,BT-M-F-113,113,113,..\instances\BT-mejor-fact\BT-M-F-113.txt
BT-mejor-fact,BT-M-F-114,114,114,..\instances\BT-mejor-fact\BT-M-F-114.txt
BT-mejor-fact,BT-M-F-115,115,115,..\instances\BT-mejor-fact\BT-M-F-115.txt
BT-mejor-fact,BT-M-F-116,116,116,..\instances\BT-mejor-fact\BT-M-F-116.txt
BT-mejor-fact,BT-M-F-117,117,117,..\instances\BT-mejor-fact\BT-M-F-117.txt
BT-mejor-fact,BT-M-F-118,118,118,..\instances\BT-mejor-fact\BT-M-F-118.txt
BT-mejor-fact,BT-M-F-119,119,119,..\instances\BT-mejor-fact\BT-M-F-119.txt
BT-mejor-fact,BT-M-F-120,120,120,..\instances\BT-mejor-fact\BT-M-F-120.txt
BT-mejor-fact,BT-M-F-121,121,121,..\instances\BT-mejor-fact\BT-M-F-121.txt
BT-mejor-fact,BT-M-F-122,122,122,..\instances\BT-mejor-fact\BT-M-F-122.txt
BT-mejor-fact,BT-M-F-123,123,123,..\instances\BT-mejor-fact\BT-M-F-123.txt
BT-mejor-fact,BT-M-F-124,124,124,..\instances\BT-mejor-fact\BT-M-F-124.txt
BT-mejor-fact,BT-M-F-125,125,125,..\instances\BT-mejor-fact\BT-M-F-125.txt
BT-mejor-fact,BT-M-F-126,126,126,..\instances\BT-mejor-fact\BT-M-F-126.txt
BT-mejor-fact,BT-M-F-127,127,127,..\instances\BT-mejor-fact\BT-M-F-127.txt
BT-mejor-fact,BT-M-F-128,128,128,..\instances\BT-mejor-fact\BT-M-F-128.txt
BT-mejor-fact,BT-M-F-129,129,129,..\instances\BT-mejor-fact\BT-M-F-129.txt
BT-mejor-fact,BT-M-F-130,130,130,..\instances\BT-mejor-fact\BT-M-F-130.txt
BT-mejor-fact,BT-M-F-131,131,131,..\instances\BT-mejor-fact\BT-M-F-131.txt
BT-mejor-fact,BT-M-F-132,132,132,..\instances\BT-mejor-fact\BT-M-F-132.txt
BT-mejor-fact,BT-M-F-133,133,133,..\instances\BT-mejor-fact\BT-M-F-133.txt
BT-mejor-fact,BT-M-F-134,134,134,..\instances\BT-mejor-fact\BT-M-F-134.txt
BT-mejor-fact,BT-M-F-135,135,135,..\instances\BT-mejor-fact\BT-M-F-135.txt
BT-mejor-fact,BT-M-F-136,136,136,..\instances\BT-mejor-fact\BT-M-F-136.txt
BT-mejor-fact,BT-M-F-137,137,137,..\instances\BT-mejor-fact\BT-M-F-137.txt
BT-mejor-fact,BT-M-F-138,138,138,..\instances\BT-mejor-fact\BT-M-F-138.txt
BT-mejor-fact,BT-M-F-139,139,139,..\instances\BT-mejor-fact\BT-M-F-139.txt
BT-mejor-fact,BT-M-F-140,140,140,..\instances\BT-mejor-fact\BT-M-F-140.txt
BT-mejor-fact,BT-M-F-141,141,141,..\instances\BT-mejor-fact\BT-M-F-141.txt
BT-mejor-fact,BT-M-F-142,142,142,..\instances\BT-mejor-fact\BT-M-F-142.txt
BT-mejor-fact,BT-M-F-143,143,143,..\instances\BT-mejor-fact\BT-M-F-143.txt
BT-mejor-fact,BT-M-F-144,144,144,..\instances\BT-mejor-fact\BT-M-F-144.txt
BT-mejor-fact,BT-M-F-145,145,145,..\instances\BT-mejor-fact\BT-M-F-145.txt
BT-mejor-fact,BT-M-F-146,146,146,..\instances\BT-mejor-fact\BT-M-F-146.txt
BT-mejor-fact,BT-M-F-147,147,147,..\instances\BT-mejor-fact\BT-M-F-147.txt
BT-mejor-fact,BT-M-F-148,148,148,..\instances\BT-mejor-fact\BT-M-F-148.txt
BT-mejor-fact,BT-M-F-149,149,149,..\instances\BT-mejor-fact\BT-M-F-149.txt
BT-mejor-fact,BT-M-F-150,150,150,..\instances\BT-mejor-fact\BT-M-F-150.txt
BT-mejor-fact,BT-M-F-151,151,151,..\instances\BT-mejor-fact\BT-M-F-151.txt
BT-mejor-fact,BT-M-F-152,152,152,..\instances\BT-mejor-fact\BT-M-F-152.txt
BT-mejor-fact,BT-M-F-153,153,153,..\instances\BT-mejor-fact\BT-M-F-153.txt
BT-mejor-fact,BT-M-F-154,154,154,..\instances\BT-mejor-fact\BT-M-F-154.txt
BT-mejor-fact,BT-M-F-155,155,155,..\instances\BT-mejor-fact\BT-M-F-155.txt
BT-mejor-fact,BT-M-F-156,156,156,..\instances\BT-mejor-fact\BT-M-F-156.txt
BT-mejor-fact,BT-M-F-157,157,157,..\instances\BT-mejor-fact\BT-M-F-157.txt
BT-mejor-fact,BT-M-F-158,158,158,..\instances\BT-mejor-fact\BT-M-F-158.txt
BT-mejor-fact,BT-M-F-159,159,159,..\instances\BT-mejor-fact\BT-M-F-159.txt
BT-mejor-fact,BT-M-F-160,160,160,..\instances\BT-mejor-fact\BT-M-F-160.txt
BT-mejor-fact,BT-M-F-161,161,161,..\instances\BT-mejor-fact\BT-M-F-161.txt
BT-mejor-fact,BT-M-F-162,162,162,..\instances\BT-mejor-fact\BT-M-F-162.txt
BT-mejor-fact,BT-M-F-163,163,163,..\instances\BT-mejor-fact\BT-M-F-163.txt
BT-mejor-fact,BT-M-F-164,164,164,..\instances\BT-mejor-fact\BT-M-F-164.txt
BT-mejor-fact,BT-M-F-165,165,165,..\instances\BT-mejor-fact\BT-M-F-165.txt
BT-mejor-fact,BT-M-F-166,166,166,..\instances\BT-mejor-fact\BT-M-F-166.txt
BT-mejor-fact,BT-M-F-167,167,167,..\instances\BT-mejor-fact\BT-M-F-167.txt
BT-mejor-fact,BT-M-F-168,168,168,..\instances\BT-mejor-fact\BT-M-F-168.txt
BT-mejor-fact,BT-M-F-169,169,169,..\instances\BT-mejor-fact\BT-M-F-169.txt
BT-mejor-fact,BT-M-F-170,170,170,..\instances\BT-mejor-fact\BT-M-F-170.txt
BT-mejor-fact,BT-M-F-171,171,171,..\instances\BT-mejor-fact\BT-M-F-171.txt
BT-mejor-fact,BT-M-F-172,172,172,..\instances\BT-mejor-fact\BT-M-F-172.txt
BT-mejor-fact,BT-M-F-173,173,173,..\instances\BT-mejor-fact\BT-M-F-173.txt
BT-mejor-fact,BT-M-F-174,174,174,..\instances\BT-mejor-fact\BT-M-F-174.txt
BT-mejor-fact,BT-M-F-175,175,175,..\instances\BT-mejor-fact\BT-M-F-175.txt
BT-mejor-fact,BT-M-F-176,176,176,..\instances\BT-mejor-fact\BT-M-F-176.txt
BT-mejor-fact,BT-M-F-177,177,177,..\instances\BT-mejor-fact\BT-M-F-177.txt
BT-mejor-fact,BT-M-F-178,178,178,..\instances\BT-mejor-fact\BT-M-F-178.txt
BT-mejor-fact,BT-M-F-179,179,179,..\instances\BT-mejor-fact\BT-M-F-179.txt
BT-mejor-fact,BT-M-F-180,180,180,..\instances\BT-mejor-fact\BT-M-F-180.txt
BT-mejor-fact,BT-M-F-181,181,181,..\instances\BT-mejor-fact\BT-M-F-181.txt
BT-mejor-fact,BT-M-F-182,182,182,..\instances\BT-mejor-fact\BT-M-F-182.txt
BT-mejor-fact,BT-M-F-183,183,183,..\instances\BT-mejor-fact\BT-M-F-183.txt
BT-mejor-fact,BT-M-F-184,184,184,..\instances\BT-mejor-fact\BT-M-F-184.txt
BT-mejor-fact,BT-M-F-185,185,185,..\instances\BT-mejor-fact\BT-M-F-185.txt
BT-mejor-fact,BT-M-F-186,186,186,..\instances\BT-mejor-fact\BT-M-F-186.txt
BT-mejor-fact,BT-M-F-187,187,187,..\instances\BT-mejor-fact\BT-M-F-187.txt
BT-mejor-fact,BT-M-F-188,188,188,..\instances\BT-mejor-fact\BT-M-F-188.txt
BT-mejor-fact,BT-M-F-189,189,189,..\instances\BT-mejor-fact\BT-M-F-189.txt
BT-mejor-fact,BT-M-F-190,190,190,..\instances\BT-mejor-fact\BT-M-F-190.txt
BT-mejor-fact,BT-M-F-191,191,191,..\instances\BT-mejor-fact\BT-M-F-191.txt
BT-mejor-fact,BT-M-F-192,192,192,..\instances\BT-mejor-fact\BT-M-F-192.txt
BT-mejor-fact,BT-M-F-193,193,193,..\instances\BT-mejor-fact\BT-M-F-193.txt
BT-mejor-fact,BT-M-F-194,194,194,..\instances\BT-mejor-fact\BT-M-F-194.txt
BT-mejor-fact,BT-M-F-195,195,195,..\instances\BT-mejor-fact\BT-M-F-195.txt
BT-mejor-fact,BT-M-F-196,196,196,..\instances\BT-mejor-fact\BT-M-F-196.txt
BT-mejor-fact,BT-M-F-197,197,197,..\instances\BT-mejor-fact\BT-M-F-197.txt
BT-mejor-fact,BT-M-F-198,198,198,..\instances\BT-mejor-fact\BT-M-F-198.txt
BT-mejor-fact,BT-M-F-199,199,199,..\instances\BT-mejor-fact\BT-M-F-199.txt
BT-mejor-fact,BT-M-F-200,200,200,..\instances\BT-mejor-fact\BT-M-F-200.txt
BT-mejor-fact,BT-M-F-201,201,201,..\instances\BT-mejor-fact\BT-M-F-201.txt
BT-mejor-fact,BT-M-F-202,202,202,..\instances\BT-mejor-fact\BT-M-F-202.txt
BT-mejor-fact,BT-M-F-203,203,203,..\instances\BT-mejor-fact\BT-M-F-203.txt
BT-mejor-fact,BT-M-F-204,204,204,..\instances\BT-mejor-fact\BT-M-F-204.txt
BT-mejor-fact,BT-M-F-205,205,205,..\instances\BT-mejor-fact\BT-M-F-205.txt
BT-mejor-fact,BT-M-F-206,206,206,..\instances\BT-mejor-fact\BT-M-F-206.txt
BT-mejor-fact,BT-M-F-207,207,207,..\instances\BT-mejor-fact\BT-M-F-207.txt
BT-mejor-fact,BT-M-F-208,208,208,..\instances\BT-mejor-fact\BT-M-F-208.txt
BT-mejor-fact,BT-M-F-209,209,209,..\instances\BT-mejor-fact\BT-M-F-209.txt
BT-mejor-fact,BT-M-F-210,210,210,..\instances\BT-mejor-fact\BT-M-F-210.txt
BT-mejor-fact,BT-M-F-211,211,211,..\instances\BT-mejor-fact\BT-M-F-211.txt
BT-mejor-fact,BT-M-F-212,212,212,..\instances\BT-mejor-fact\BT-M-F-212.txt
BT-mejor-fact,BT-M-F-213,213,213,..\instances\BT-mejor-fact\BT-M-F-213.txt
BT-mejor-fact,BT-M-F-214,214,214,..\instances\BT-mejor-fact\BT-M-F-214.txt
BT-mejor-fact,BT-M-F-215,215,215,..\instances\BT-mejor-fact\BT-M-F-215.txt
BT-mejor-fact,BT-M-F-216,216,216,..\instances\BT-mejor-fact\BT-M-F-216.txt
BT-mejor-fact,BT-M-F-217,217,217,..\instances\BT-mejor-fact\BT-M-F-217.txt
BT-mejor-fact,BT-M-F-218,218,218,..\instances\BT-mejor-fact\BT-M-F-218.txt
BT-mejor-fact,BT-M-F-219,219,219,..\instances\BT-mejor-fact\BT-M-F-219.txt
BT-mejor-fact,BT-M-F-220,220,220,..\instances\BT-mejor-fact\BT-M-F-220.txt
BT-mejor-fact,BT-M-F-221,221,221,..\instances\BT-mejor-fact\BT-M-F-221.txt
BT-mejor-fact,BT-M-F-222,222,222,..\instances\BT-mejor-fact\BT-M-F-222.txt
BT-mejor-fact,BT-M-F-223,223,223,..\instances\BT-mejor-fact\BT-M-F-223.txt
BT-mejor-fact,BT-M-F-224,224,224,..\instances\BT-mejor-fact\BT-M-F-224.txt
BT-mejor-fact,BT-M-F-225,225,225,..\instances\BT-mejor-fact\BT-M-F-225.txt
BT-mejor-fact,BT-M-F-226,226,226,..\instances\BT-mejor-fact\BT-M-F-226.txt
BT-mejor-fact,BT-M-F-227,227,227,..\instances\BT-mejor-fact\BT-M-F-227.txt
BT-mejor-fact,BT-M-F-228,228,228,..\instances\BT-mejor-fact\BT-M-F-228.txt
BT-mejor-fact,BT-M-F-229,229,229,..\instances\BT-mejor-fact\BT-M-F-229.txt
BT-mejor-fact,BT-M-F-230,230,230,..\instances\BT-mejor-fact\BT-M-F-230.txt
BT-mejor-fact,BT-M-F-231,231,231,..\instances\BT-mejor-fact\BT-M-F-231.txt
BT-mejor-fact,BT-M-F-232,232,232,..\instances\BT-mejor-fact\BT-M-F-232.txt
BT-mejor-fact,BT-M-F-233,233,233,..\instances\BT-mejor-fact\BT-M-F-233.txt
BT-mejor-fact,BT-M-F-234,234,234,..\instances\BT-mejor-fact\BT-M-F-234.txt
BT-mejor-fact,BT-M-F-235,235,235,..\instances\BT-mejor-fact\BT-M-F-235.txt
BT-mejor-fact,BT-M-F-236,236,236,..\instances\BT-mejor-fact\BT-M-F-236.txt
BT-mejor-fact,BT-M-F-237,237,237,..\instances\BT-mejor-fact\BT-M-F-237.txt
BT-mejor-fact,BT-M-F-238,238,238,..\instances\BT-mejor-fact\BT-M-F-238.txt
BT-mejor-fact,BT-M-F-239,239,239,..\instances\BT-mejor-fact\BT-M-F-239.txt
BT-mejor-fact,BT-M-F-240,240,240,..\instances\BT-mejor-fact\BT-M-F-240.txt
BT-mejor-fact,BT-M-F-241,241,241,..\instances\BT-mejor-fact\BT-M-F-241.txt
BT-mejor-fact,BT-M-F-242,242,242,..\instances\BT-mejor-fact\BT-M-F-242.txt
BT-mejor-fact,BT-M-F-243,243,243,..\instances\BT-mejor-fact\BT-M-F-243.txt
BT-mejor-fact,BT-M-F-244,244,244,..\instances\BT-mejor-fact\BT-M-F-244.txt
BT-mejor-fact,BT-M-F-245,245,245,..\instances\BT-mejor-fact\BT-M-F-245.txt
BT-mejor-fact,BT-M-F-246,246,246,..\instances\BT-mejor-fact\BT-M-F-246.txt
BT-mejor-fact,BT-M-F-247,247,247,..\instances\BT-mejor-fact\BT-M-F-247.txt
BT-mejor-fact,BT-M-F-248,248,248,..\instances\BT-mejor-fact\BT-M-F-248.txt
BT-mejor-fact,BT-M-F-249,249,249,..\instances\BT-mejor-fact\BT-M-F-249.txt
BT-mejor-fact,BT-M-F-250,250,250,..\instances\BT-mejor-fact\BT-M-F-250.txt
BT-mejor-fact,BT-M-F-251,251,251,..\instances\BT-mejor-fact\BT-M-F-251.txt
BT-mejor-fact,BT-M-F-252,252,252,..\instances\BT-mejor-fact\BT-M-F-252.txt
BT-mejor-fact,BT-M-F-253,253,253,..\instances\BT-mejor-fact\BT-M-F-253.txt
BT-mejor-fact,BT-M-F-254,254,254,..\instances\BT-mejor-fact\BT-M-F-254.txt
BT-mejor-fact,BT-M-F-255,255,255,..\instances\BT-mejor-fact\BT-M-F-255.txt
BT-mejor-fact,BT-M-F-256,256,256,..\instances\BT-mejor-fact\BT-M-F-256.txt
BT-mejor-fact,BT-M-F-257,257,257,..\instances\BT-mejor-fact\BT-M-F-257.txt
BT-mejor-fact,BT-M-F-258,258,258,..\instances\BT-mejor-fact\BT-M-F-258.txt
BT-mejor-fact,BT-M-F-259,259,259,..\instances\BT-mejor-fact\BT-M-F-259.txt
BT-mejor-fact,BT-M-F-260,260,260,..\instances\BT-mejor-fact\BT-M-F-260.txt
BT-mejor-fact,BT-M-F-261,261,261,..\instances\BT-mejor-fact\BT-M-F-261.txt
BT-mejor-fact,BT-M-F-262,262,262,..\instances\BT-mejor-fact\BT-M-F-262.txt
BT-mejor-fact,BT-M-F-263,263,263,..\instances\BT-mejor-fact\BT-M-F-263.txt
BT-mejor-fact,BT-M-F-264,264,264,..\instances\BT-mejor-fact\BT-M-F-264.txt
BT-mejor-fact,BT-M-F-265,265,265,..\instances\BT-mejor-fact\BT-M-F-265.txt
BT-mejor-fact,BT-M-F-266,266,266,..\instances\BT-mejor-fact\BT-M-F-266.txt
BT-mejor-fact,BT-M-F-267,267,267,..\instances\BT-mejor-fact\BT-M-F-267.txt
BT-mejor-fact,BT-M-F-268,268,268,..\instances\BT-mejor-fact\BT-M-F-268.txt
BT-mejor-fact,BT-M-F-269,269,269,..\instances\BT-mejor-fact\BT-M-F-269.txt
BT-mejor-fact,BT-M-F-270,270,270,..\instances\BT-mejor-fact\BT-M-F-270.txt
BT-mejor-fact,BT-M-F-271,271,271,..\instances\BT-mejor-fact\BT-M-F-271.txt
BT-mejor-fact,BT-M-F-272,272,272,..\instances\BT-mejor-fact\BT-M-F-272.txt
BT-mejor-fact,BT-M-F-273,273,273,..\instances\BT-mejor-fact\BT-M-F-273.txt
BT-mejor-fact,BT-M-F-274,274,274,..\instances\BT-mejor-fact\BT-M-F-274.txt
BT-mejor-fact,BT-M-F-275,275,275,..\instances\BT-mejor-fact\BT-M-F-275.txt
BT-mejor-fact,BT-M-F-276,276,276,..\instances\BT-mejor-fact\BT-M-F-276.txt
BT-mejor-fact,BT-M-F-277,277,277,..\instances\BT-mejor-fact\BT-M-F-277.txt
BT-mejor-fact,BT-M-F-278,278,278,..\instances\BT-mejor-fact\BT-M-F-278.txt
BT-mejor-fact,BT-M-F-279,279,279,..\instances\BT-mejor-fact\BT-M-F-279.txt
BT-mejor-fact,BT-M-F-280,280,280,..\instances\BT-mejor-fact\BT-M-F-280.txt
BT-mejor-fact,BT-M-F-281,281,281,..\instances\BT-mejor-fact\BT-M-F-281.txt
BT-mejor-fact,BT-M-F-282,282,282,..\instances\BT-mejor-fact\BT-M-F-282.txt
BT-mejor-fact,BT-M-F-283,283,283,..\instances\BT-mejor-fact\BT-M-F-283.txt
BT-mejor-fact,BT-M-F-284,284,284,..\instances\BT-mejor-fact\BT-M-F-284.txt
BT-mejor-fact,BT-M-F-285,285,285,..\instances\BT-mejor-fact\BT-M-F-285.txt
BT-mejor-fact,BT-M-F-286,286,286,..\instances\BT-mejor-fact\BT-M-F-286.txt
BT-mejor-fact,BT-M-F-287,287,287,..\instances\BT-mejor-fact\BT-M-F-287.txt
BT-mejor-fact,BT-M-F-288,288,288,..\instances\BT-mejor-fact\BT-M-F-288.txt
BT-mejor-fact,BT-M-F-289,289,289,..\instances\BT-mejor-fact\BT-M-F-289.txt
BT-mejor-fact,BT-M-F-290,290,290,..\instances\BT-mejor-fact\BT-M-F-290.txt
BT-mejor-fact,BT-M-F-291,291,291,..\instances\BT-mejor-fact\BT-M-F-291.txt
BT-mejor-fact,BT-M-F-292,292,292,..\instances\BT-mejor-fact\BT-M-F-292.txt
BT-mejor-fact,BT-M-F-293,293,293,..\instances\BT-mejor-fact\BT-M-F-293.txt
BT-mejor-fact,BT-M-F-294,294,294,..\instances\BT-mejor-fact\BT-M-F-294.txt
BT-mejor-fact,BT-M-F-295,295,295,..\instances\BT-mejor-fact\BT-M-F-295.txt
BT-mejor-fact,BT-M-F-296,296,296,..\instances\BT-mejor-fact\BT-M-F-296.txt
BT-mejor-fact,BT-M-F-297,297,297,..\instances\BT-mejor-fact\BT-M-F-297.txt
BT-mejor-fact,BT-M-F-298,298,298,..\instances\BT-mejor-fact\BT-M-F-298.txt
BT-mejor-fact,BT-M-F-299,299,299,..\instances\BT-mejor-fact\BT-M-F-299.txt
BT-mejor-fact,BT-M-F-300,300,300,..\instances\BT-mejor-fact\BT-M-F-300.txt
BT-mejor-fact,BT-M-F-301,301,301,..\instances\BT-mejor-fact\BT-M-F-301.txt
BT-mejor-fact,BT-M-F-302,302,302,..\instances\BT-mejor-fact\BT-M-F-302.txt
BT-mejor-fact,BT-M-F-303,303,303,..\instances\BT-mejor-fact\BT-M-F-303.txt
BT-mejor-fact,BT-M-F-304,304,304,..\instances\BT-mejor-fact\BT-M-F-304.txt
BT-mejor-fact,BT-M-F-305,305,305,..\instances\BT-mejor-fact\BT-M-F-305.txt
BT-mejor-fact,BT-M-F-306,306,306,..\instances\BT-mejor-fact\BT-M-F-306.txt
BT-mejor-fact,BT-M-F-307,307,307,..\instances\BT-mejor-fact\BT-M-F-307.txt
BT-mejor-fact,BT-M-F-308,308,308,..\instances\BT-mejor-fact\BT-M-F-308.txt
BT-mejor-fact,BT-M-F-309,309,309,..\instances\BT-mejor-fact\BT-M-F-309.txt
BT-mejor-fact,BT-M-F-310,310,310,..\instances\BT-mejor-fact\BT-M-F-310.txt
BT-mejor-fact,BT-M-F-311,311,311,..\instances\BT-mejor-fact\BT-M-F-311.txt
BT-mejor-fact,BT-M-F-312,312,312,..\instances\BT-mejor-fact\BT-M-F-312.txt
BT-mejor-fact,BT-M-F-313,313,313,..\instances\BT-mejor-fact\BT-M-F-313.txt
BT-mejor-fact,BT-M-F-314,314,314,..\instances\BT-mejor-fact\BT-M-F-314.txt
BT-mejor-fact,BT-M-F-315,315,315,..\instances\BT-mejor-fact\BT-M-F-315.txt
BT-mejor-fact,BT-M-F-316,316,316,..\instances\BT-mejor-fact\BT-M-F-316.txt
BT-mejor-fact,BT-M-F-317,317,317,..\instances\BT-mejor-fact\BT-M-F-317.txt
BT-mejor-fact,BT-M-F-318,318,318,..\instances\BT-mejor-fact\BT-M-F-318.txt
BT-mejor-fact,BT-M-F-319,319,319,..\instances\BT-mejor-fact\BT-M-F-319.txt
BT-mejor-fact,BT-M-F-320,320,320,..\instances\BT-mejor-fact\BT-M-F-320.txt
BT-mejor-fact,BT-M-F-321,321,321,..\instances\BT-mejor-fact\BT-M-F-321.txt
BT-mejor-fact,BT-M-F-322,322,322,..\instances\BT-mejor-fact\BT-M-F-322.txt
BT-mejor-fact,BT-M-F-323,323,323,..\instances\BT-mejor-fact\BT-M-F-323.txt
BT-mejor-fact,BT-M-F-324,324,324,..\instances\BT-mejor-fact\BT-M-F-324.txt
BT-mejor-fact,BT-M-F-325,325,325,..\instances\BT-mejor-fact\BT-M-F-325.txt
BT-mejor-fact,BT-M-F-326,326,326,..\instances\BT-mejor-fact\BT-M-F-326.txt
BT-mejor-fact,BT-M-F-327,327,327,..\instances\BT-mejor-fact\BT-M-F-327.txt
BT-mejor-fact,BT-M-F-328,328,328,..\instances\BT-mejor-fact\BT-M-F-328.txt
BT-mejor-fact,BT-M-F-329,329,329,..\instances\BT-mejor-fact\BT-M-F-329.txt
BT-mejor-fact,BT-M-F-330,330,330,..\instances\BT-mejor-fact\BT-M-F-330.txt
BT-mejor-fact,BT-M-F-331,331,331,..\instances\BT-mejor-fact\BT-M-F-331.txt
BT-mejor-fact,BT-M-F-332,332,332,..\instances\BT-mejor-fact\BT-M-F-332.txt
BT-mejor-fact,BT-M-F-333,333,333,..\instances\BT-mejor-fact\BT-M-F-333.txt
BT-mejor-fact,BT-M-F-334,334,334,..\instances\BT-mejor-fact\BT-M-F-334.txt
BT-mejor-fact,BT-M-F-335,335,335,..\instances\BT-mejor-fact\BT-M-F-335.txt
BT-mejor-fact,BT-M-F-336,336,336,..\instances\BT-mejor-fact\BT-M-F-336.txt
BT-mejor-fact,BT-M-F-337,337,337,..\instances\BT-mejor-fact\BT-M-F-337.txt
BT-mejor-fact,BT-M-F-338,338,338,..\instances\BT-mejor-fact\BT-M-F-338.txt
BT-mejor-fact,BT-M-F-339,339,339,..\instances\BT-mejor-fact\BT-M-F-339.txt
BT-mejor-fact,BT-M-F-340,340,340,..\instances\BT-mejor-fact\BT-M-F-340.txt
BT-mejor-fact,BT-M-F-341,341,341,..\instances\BT-mejor-fact\BT-M-F-341.txt
BT-mejor-fact,BT-M-F-342,342,342,..\instances\BT-mejor-fact\BT-M-F-342.txt
BT-mejor-fact,BT-M-F-343,343,343,..\instances\BT-mejor-fact\BT-M-F-343.txt
BT-mejor-fact,BT-M-F-344,344,344,..\instances\BT-mejor-fact\BT-M-F-344.txt
BT-mejor-fact,BT-M-F-345,345,345,..\instances\BT-mejor-fact\BT-M-F-345.txt
BT-mejor-fact,BT-M-F-346,346,346,..\instances\BT-mejor-fact\BT-M-F-346.txt
BT-mejor-fact,BT-M-F-347,347,347,..\instances\BT-mejor-fact\BT-M-F-347.txt
BT-mejor-fact,BT-M-F-348,348,348,..\instances\BT-mejor-fact\BT-M-F-348.txt
BT-mejor-fact,BT-M-F-349,349,349,..\instances\BT-mejor-fact\BT-M-F-349.txt
BT-mejor-fact,BT-M-F-350,350,350,..\instances\BT-mejor-fact\BT-M-F-350.txt
BT-mejor-fact,BT-M-F-351,351,351,..\instances\BT-mejor-fact\BT-M-F-351.txt
BT-mejor-fact,BT-M-F-352,352,352,..\instances\BT-mejor-fact\BT-M-F-352.txt
BT-mejor-fact,BT-M-F-353,353,353,..\instances\BT-mejor-fact\BT-M-F-353.txt
BT-mejor-fact,BT-M-F-354,354,354,..\instances\BT-mejor-fact\BT-M-F-354.txt
BT-mejor-fact,BT-M-F-355,355,355,..\instances\BT-mejor-fact\BT-M-F-355.txt
BT-mejor-fact,BT-M-F-356,356,356,..\instances\BT-mejor-fact\BT-M-F-356.txt
BT-mejor-fact,BT-M-F-357,357,357,..\instances\BT-mejor-fact\BT-M-F-357.txt
BT-mejor-fact,BT-M-F-358,358,358,..\instances\BT-mejor-fact\BT-M-F-358.txt
BT-mejor-fact,BT-M-F-359,359,359,..\instances\BT-mejor-fact\BT-M-F-359.txt
BT-mejor-fact,BT-M-F-360,360,360,..\instances\BT-mejor-fact\BT-M-F-360.txt
BT-mejor-fact,BT-M-F-361,361,361,..\instances\BT-mejor-fact\BT-M-F-361.txt
BT-mejor-fact,BT-M-F-362,362,362,..\instances\BT-mejor-fact\BT-M-F-362.txt
BT-mejor-fact,BT-M-F-363,363,363,..\instances\BT-mejor-fact\BT-M-F-363.txt
BT-mejor-fact,BT-M-F-364,364,364,..\instances\BT-mejor-fact\BT-M-F-364.txt
BT-mejor-fact,BT-M-F-365,365,365,..\instances\BT-mejor-fact\BT-M-F-365.txt
BT-mejor-fact,BT-M-F-366,366,366,..\instances\BT-mejor-fact\BT-M-F-366.txt
BT-mejor-fact,BT-M-F-367,367,367,..\instances\BT-mejor-fact\BT-M-F-367.txt
BT-mejor-fact,BT-M-F-368,368,368,..\instances\BT-mejor-fact\BT-M-F-368.txt
BT-mejor-fact,BT-M-F-369,369,369,..\instances\BT-mejor-fact\BT-M-F-369.txt
BT-mejor-fact,BT-M-F-370,370,370,..\instances\BT-mejor-fact\BT-M-F-370.txt
BT-mejor-fact,BT-M-F-371,371,371,..\instances\BT-mejor-fact\BT-M-F-371.txt
BT-mejor-fact,BT-M-F-372,372,372,..\instances\BT-mejor-fact\BT-M-F-372.txt
BT-mejor-fact,BT-M-F-373,373,373,..\instances\BT-mejor-fact\BT-M-F-373.txt
BT-mejor-fact,BT-M-F-374,374,374,..\instances\BT-mejor-fact\BT-M-F-374.txt
BT-mejor-fact,BT-M-F-375,375,375,..\instances\BT-mejor-fact\BT-M-F-375.txt
BT-mejor-fact,BT-M-F-376,376,376,..\instances\BT-mejor-fact\BT-M-F-376.txt
BT-mejor-fact,BT-M-F-377,377,377,..\instances\BT-mejor-fact\BT-M-F-377.txt
BT-mejor-fact,BT-M-F-378,378,378,..\instances\BT-mejor-fact\BT-M-F-378.txt
BT-mejor-fact,BT-M-F-379,379,379,..\instances\BT-mejor-fact\BT-M-F-379.txt
BT-mejor-fact,BT-M-F-380,380,380,..\instances\BT-mejor-fact\BT-M-F-380.txt
BT-mejor-fact,BT-M-F-381,381,381,..\instances\BT-mejor-fact\BT-M-F-381.txt
BT-mejor-fact,BT-M-F-382,382,382,..\instances\BT-mejor-fact\BT-M-F-382.txt
BT-mejor-fact,BT-M-F-383,383,383,..\instances\BT-mejor-fact\BT-M-F-383.txt
BT-mejor-fact,BT-M-F-384,384,384,..\instances\BT-mejor-fact\BT-M-F-384.txt
BT-mejor-fact,BT-M-F-385,385,385,..\instances\BT-mejor-fact\BT-M-F-385.txt
BT-mejor-fact,BT-M-F-386,386,386,..\instances\BT-mejor-fact\BT-M-F-386.txt
BT-mejor-fact,BT-M-F-387,387,387,..\instances\BT-mejor-fact\BT-M-F-387.txt
BT-mejor-fact,BT-M-F-388,388,388,..\instances\BT-mejor-fact\BT-M-F-388.txt
BT-mejor-fact,BT-M-F-389,389,389,..\instances\BT-mejor-fact\BT-M-F-389.txt
BT-mejor-fact,BT-M-F-390,390,390,..\instances\BT-mejor-fact\BT-M-F-390.txt
BT-mejor-fact,BT-M-F-391,391,391,..\instances\BT-mejor-fact\BT-M-F-391.txt
BT-mejor-fact,BT-M-F-392,392,392,..\instances\BT-mejor-fact\BT-M-F-392.txt
BT-mejor-fact,BT-M-F-393,393,393,..\instances\BT-mejor-fact\BT-M-F-393.txt
BT-mejor-fact,BT-M-F-394,394,394,..\instances\BT-mejor-fact\BT-M-F-394.txt
BT-mejor-fact,BT-M-F-395,395,395,..\instances\BT-mejor-fact\BT-M-F-395.txt
BT-mejor-fact,BT-M-F-396,396,396,..\instances\BT-mejor-fact\BT-M-F-396.txt
BT-mejor-fact,BT-M-F-397,397,397,..\instances\BT-mejor-fact\BT-M-F-397.txt
BT-mejor-fact,BT-M-F-398,398,398,..\instances\BT-mejor-fact\BT-M-F-398.txt
BT-mejor-fact,BT-M-F-399,399,399,..\instances\BT-mejor-fact\BT-M-F-399.txt
BT-mejor-fact,BT-M-F-400,400,400,..\instances\BT-mejor-fact\BT-M-F-400.txt
BT-mejor-fact,BT-M-F-401,401,401,..\instances\BT-mejor-fact\BT-M-F-401.txt
BT-mejor-fact,BT-M-F-402,402,402,..\instances\BT-mejor-fact\BT-M-F-402.txt
BT-mejor-fact,BT-M-F-403,403,403,..\instances\BT-mejor-fact\BT-M-F-403.txt
BT-mejor-fact,BT-M-F-404,404,404,..\instances\BT-mejor-fact\BT-M-F-404.txt
BT-mejor-fact,BT-M-F-405,405,405,..\instances\BT-mejor-fact\BT-M-F-405.txt
BT-mejor-fact,BT-M-F-406,406,406,..\instances\BT-mejor-fact\BT-M-F-406.txt
BT-mejor-fact,BT-M-F-407,407,407,..\instances\BT-mejor-fact\BT-M-F-407.txt
BT-mejor-fact,BT-M-F-408,408,408,..\instances\BT-mejor-fact\BT-M-F-408.txt
BT-mejor-fact,BT-M-F-409,409,409,..\instances\BT-mejor-fact\BT-M-F-409.txt
BT-mejor-fact,BT-M-F-410,410,410,..\instances\BT-mejor-fact\BT-M-F-410.txt
BT-mejor-fact,BT-M-F-411,411,411,..\instances\BT-mejor-fact\BT-M-F-411.txt
BT-mejor-fact,BT-M-F-412,412,412,..\instances\BT-mejor-fact\BT-M-F-412.txt
BT-mejor-fact,BT-M-F-413,413,413,..\instances\BT-mejor-fact\BT-M-F-413.txt
BT-mejor-fact,BT-M-F-414,414,414,..\instances\BT-mejor-fact\BT-M-F-414.txt
BT-mejor-fact,BT-M-F-415,415,415,..\instances\BT-mejor-fact\BT-M-F-415.txt
BT-mejor-fact,BT-M-F-416,416,416,..\instances\BT-mejor-fact\BT-M-F-416.txt
BT-mejor-fact,BT-M-F-417,417,417,..\instances\BT-mejor-fact\BT-M-F-417.txt
BT-mejor-fact,BT-M-F-418,418,418,..\instances\BT-mejor-fact\BT-M-F-418.txt
BT-mejor-fact,BT-M-F-419,419,419,..\instances\BT-mejor-fact\BT-M-F-419.txt
BT-mejor-fact,BT-M-F-420,420,420,..\instances\BT-mejor-fact\BT-M-F-420.txt
BT-mejor-fact,BT-M-F-421,421,421,..\instances\BT-mejor-fact\BT-M-F-421.txt
BT-mejor-fact,BT-M-F-422,422,422,..\instances\BT-mejor-fact\BT-M-F-422.txt
BT-mejor-fact,BT-M-F-423,423,423,..\instances\BT-mejor-fact\BT-M-F-423.txt
BT-mejor-fact,BT-M-F-424,424,424,..\instances\BT-mejor-fact\BT-M-F-424.txt
BT-mejor-fact,BT-M-F-425,425,425,..\instances\BT-mejor-fact\BT-M-F-425.txt
BT-mejor-fact,BT-M-F-426,426,426,..\instances\BT-mejor-fact\BT-M-F-426.txt
BT-mejor-fact,BT-M-F-427,427,427,..\instances\BT-mejor-fact\BT-M-F-427.txt
BT-mejor-fact,BT-M-F-428,428,428,..\instances\BT-mejor-fact\BT-M-F-428.txt
BT-mejor-fact,BT-M-F-429,429,429,..\instances\BT-mejor-fact\BT-M-F-429.txt
BT-mejor-fact,BT-M-F-430,430,430,..\instances\BT-mejor-fact\BT-M-F-430.txt
BT-mejor-fact,BT-M-F-431,431,431,..\instances\BT-mejor-fact\BT-M-F-431.txt
BT-mejor-fact,BT-M-F-432,432,432,..\instances\BT-mejor-fact\BT-M-F-432.txt
BT-mejor-fact,BT-M-F-433,433,433,..\instances\BT-mejor-fact\BT-M-F-433.txt
BT-mejor-fact,BT-M-F-434,434,434,..\instances\BT-mejor-fact\BT-M-F-434.txt
BT-mejor-fact,BT-M-F-435,435,435,..\instances\BT-mejor-fact\BT-M-F-435.txt
BT-mejor-fact,BT-M-F-436,436,436,..\instances\BT-mejor-fact\BT-M-F-436.txt
BT-mejor-fact,BT-M-F-437,437,437,..\instances\BT-mejor-fact\BT-M-F-437.txt
BT-mejor-fact,BT-M-F-438,438,438,..\instances\BT-mejor-fact\BT-M-F-438.txt
BT-mejor-fact,BT-M-F-439,439,439,..\instances\BT-mejor-fact\BT-M-F-439.txt
BT-mejor-fact,BT-M-F-440,440,440,..\instances\BT-mejor-fact\BT-M-F-440.txt
BT-mejor-fact,BT-M-F-441,441,441,..\instances\BT-mejor-fact\BT-M-F-441.txt
BT-mejor-fact,BT-M-F-442,442,442,..\instances\BT-mejor-fact\BT-M-F-442.txt
BT-mejor-fact,BT-M-F-443,443,443,..\instances\BT-mejor-fact\BT-M-F-443.txt
BT-mejor-fact,BT-M-F-444,444,444,..\instances\BT-mejor-fact\BT-M-F-444.txt
BT-mejor-fact,BT-M-F-445,445,445,..\instances\BT-mejor-fact\BT-M-F-445.txt
BT-mejor-fact,BT-M-F-446,446,446,..\instances\BT-mejor-fact\BT-M-F-446.txt
BT-mejor-fact,BT-M-F-447,447,447,..\instances\BT-mejor-fact\BT-M-F-447.txt
BT-mejor-fact,BT-M-F-448,448,448,..\instances\BT-mejor-fact\BT-M-F-448.txt
BT-mejor-fact,BT-M-F-449,449,449,..\instances\BT-mejor-fact\BT-M-F-449.txt
BT-mejor-fact,BT-M-F-450,450,450,..\instances\BT-mejor-fact\BT-M-F-450.txt
BT-mejor-fact,BT-M-F-451,451,451,..\instances\BT-mejor-fact\BT-M-F-451.txt
BT-mejor-fact,BT-M-F-452,452,452,..\instances\BT-mejor-fact\BT-M-F-452.txt
BT-mejor-fact,BT-M-F-453,453,453,..\instances\BT-mejor-fact\BT-M-F-453.txt
BT-mejor-fact,BT-M-F-454,454,454,..\instances\BT-mejor-fact\BT-M-F-454.txt
BT-mejor-fact,BT-M-F-455,455,455,..\instances\BT-mejor-fact\BT-M-F-455.txt
BT-mejor-fact,BT-M-F-456,456,456,..\instances\BT-mejor-fact\BT-M-F-456.txt
BT-mejor-fact,BT-M-F-457,457,457,..\instances\BT-mejor-fact\BT-M-F-457.txt
BT-mejor-fact,BT-M-F-458,458,458,..\instances\BT-mejor-fact\BT-M-F-458.txt
BT-mejor-fact,BT-M-F-459,459,459,..\instances\BT-mejor-fact\BT-M-F-459.txt
BT-mejor-fact,BT-M-F-460,460,460,..\instances\BT-mejor-fact\BT-M-F-460.txt
BT-mejor-fact,BT-M-F-461,461,461,..\instances\BT-mejor-fact\BT-M-F-461.txt
BT-mejor-fact,BT-M-F-462,462,462,..\instances\BT-mejor-fact\BT-M-F-462.txt
BT-mejor-fact,BT-M-F-463,463,463,..\instances\BT-mejor-fact\BT-M-F-463.txt
BT-mejor-fact,BT-M-F-464,464,464,..\instances\BT-mejor-fact\BT-M-F-464.txt
BT-mejor-fact,BT-M-F-465,465,465,..\instances\BT-mejor-fact\BT-M-F-465.txt
BT-mejor-fact,BT-M-F-466,466,466,..\instances\BT-mejor-fact\BT-M-F-466.txt
BT-mejor-fact,BT-M-F-467,467,467,..\instances\BT-mejor-fact\BT-M-F-467.txt
BT-mejor-fact,BT-M-F-468,468,468,..\instances\BT-mejor-fact\BT-M-F-468.txt
BT-mejor-fact,BT-M-F-469,469,469,..\instances\BT-mejor-fact\BT-M-F-469.txt
BT-mejor-fact,BT-M-F-470,470,470,..\instances\BT-mejor-fact\BT-M-F-470.txt
BT-mejor-fact,BT-M-F-471,471,471,..\instances\BT-mejor-fact\BT-M-F-471.txt
BT-mejor-fact,BT-M-F-472,472,472,..\instances\BT-mejor-fact\BT-M-F-472.txt
BT-mejor-fact,BT-M-F-473,473,473,..\instances\BT-mejor-fact\BT-M-F-473.txt
BT-mejor-fact,BT-M-F-474,474,474,..\instances\BT-mejor-fact\BT-M-F-474.txt
BT-mejor-fact,BT-M-F-475,475,475,..\instances\BT-mejor-fact\BT-M-F-475.txt
BT-mejor-fact,BT-M-F-476,476,476,..\instances\BT-mejor-fact\BT-M-F-476.txt
BT-mejor-fact,BT-M-F-477,477,477,..\instances\BT-mejor-fact\BT-M-F-477.txt
BT-mejor-fact,BT-M-F-478,478,478,..\instances\BT-mejor-fact\BT-M-F-478.txt
BT-mejor-fact,BT-M-F-479,479,479,..\instances\BT-mejor-fact\BT-M-F-479.txt
BT-mejor-fact,BT-M-F-480,480,480,..\instances\BT-mejor-fact\BT-M-F-480.txt
BT-mejor-fact,BT-M-F-481,481,481,..\instances\BT-mejor-fact\BT-M-F-481.txt
BT-mejor-fact,BT-M-F-482,482,482,..\instances\BT-mejor-fact\BT-M-F-482.txt
BT-mejor-fact,BT-M-F-483,483,483,..\instances\BT-mejor-fact\BT-M-F-483.txt
BT-mejor-fact,BT-M-F-484,484,484,..\instances\BT-mejor-fact\BT-M-F-484.txt
BT-mejor-fact,BT-M-F-485,485,485,..\instances\BT-mejor-fact\BT-M-F-485.txt
BT-mejor-fact,BT-M-F-486,486,486,..\instances\BT-mejor-fact\BT-M-F-486.txt
BT-mejor-fact,BT-M-F-487,487,487,..\instances\BT-mejor-fact\BT-M-F-487.txt
BT-mejor-fact,BT-M-F-488,488,488,..\instances\BT-mejor-fact\BT-M-F-488.txt
BT-mejor-fact,BT-M-F-489,489,489,..\instances\BT-mejor-fact\BT-M-F-489.txt
BT-mejor-fact,BT-M-F-490,490,490,..\instances\BT-mejor-fact\BT-M-F-490.txt
BT-mejor-fact,BT-M-F-491,491,491,..\instances\BT-mejor-fact\BT-M-F-491.txt
BT-mejor-fact,BT-M-F-492,492,492,..\instances\BT-mejor-fact\BT-M-F-492.txt
BT-mejor-fact,BT-M-F-493,493,493,..\instances\BT-mejor-fact\BT-M-F-493.txt
BT-mejor-fact,BT-M-F-494,494,494,..\instances\BT-mejor-fact\BT-M-F-494.txt
BT-mejor-fact,BT-M-F-495,495,495,..\instances\BT-mejor-fact\BT-M-F-495.txt
BT-mejor-fact,BT-M-F-496,496,496,..\instances\BT-mejor-fact\BT-M-F-496.txt
BT-mejor-fact,BT-M-F-497,497,497,..\instances\BT-mejor-fact\BT-M-F-497.txt
BT-mejor-fact,BT-M-F-498,498,498,..\instances\BT-mejor-fact\BT-M-F-498.txt
BT-mejor-fact,BT-M-F-499,499,499,..\instances\BT-mejor-fact\BT-M-F-499.txt
BT-mejor-fact,BT-M-F-500,500,500,..\instances\BT-mejor-fact\BT-M-F-500.txt
BT-mejor-fact,BT-M-F-501,501,501,..\instances\BT-mejor-fact\BT-M-F-501.txt
BT-mejor-fact,BT-M-F-502,502,502,..\instances\BT-mejor-fact\BT-M-F-502.txt
BT-mejor-fact,BT-M-F-503,503,503,..\instances\BT-mejor-fact\BT-M-F-503.txt
BT-mejor-fact,BT-M-F-504,504,504,..\instances\BT-mejor-fact\BT-M-F-504.txt
BT-mejor-fact,BT-M-F-505,505,505,..\instances\BT-mejor-fact\BT-M-F-505.txt
BT-mejor-fact,BT-M-F-506,506,506,..\instances\BT-mejor-fact\BT-M-F-506.txt
BT-mejor-fact,BT-M-F-507,507,507,..\instances\BT-mejor-fact\BT-M-F-507.txt
BT-mejor-fact,BT-M-F-508,508,508,..\instances\BT-mejor-fact\BT-M-F-508.txt
BT-mejor-fact,BT-M-F-509,509,509,..\instances\BT-mejor-fact\BT-M-F-509.txt
BT-mejor-fact,BT-M-F-510,510,510,..\instances\BT-mejor-fact\BT-M-F-510.txt
BT-mejor-fact,BT-M-F-511,511,511,..\instances\BT-mejor-fact\BT-M-F-511.txt
BT-mejor-fact,BT-M-F-512,512,512,..\instances\BT-mejor-fact\BT-M-F-512.txt
BT-mejor-fact,BT-M-F-513,513,513,..\instances\BT-mejor-fact\BT-M-F-513.txt
BT-mejor-fact,BT-M-F-514,514,514,..\instances\BT-mejor-fact\BT-M-F-514.txt
BT-mejor-fact,BT-M-F-515,515,515,..\instances\BT-mejor-fact\BT-M-F-515.txt
BT-mejor-fact,BT-M-F-516,516,516,..\instances\BT-mejor-fact\BT-M-F-516.txt
BT-mejor-fact,BT-M-F-517,517,517,..\instances\BT-mejor-fact\BT-M-F-517.txt
BT-mejor-fact,BT-M-F-518,518,518,..\instances\BT-mejor-fact\BT-M-F-518.txt
BT-mejor-fact,BT-M-F-519,519,519,..\instances\BT-mejor-fact\BT-M-F-519.txt
BT-mejor-fact,BT-M-F-520,520,520,..\instances\BT-mejor-fact\BT-M-F-520.txt
BT-mejor-fact,BT-M-F-521,521,521,..\instances\BT-mejor-fact\BT-M-F-521.txt
BT-mejor-fact,BT-M-F-522,522,522,..\instances\BT-mejor-fact\BT-M-F-522.txt
BT-mejor-fact,BT-M-F-523,523,523,..\instances\BT-mejor-fact\BT-M-F-523.txt
BT-mejor-fact,BT-M-F-524,524,524,..\instances\BT-mejor-fact\BT-M-F-524.txt
BT-mejor-fact,BT-M-F-525,525,525,..\instances\BT-mejor-fact\BT-M-F-525.txt
BT-mejor-fact,BT-M-F-526,526,526,..\instances\BT-mejor-fact\BT-M-F-526.txt
BT-mejor-fact,BT-M-F-527,527,527,..\instances\BT-mejor-fact\BT-M-F-527.txt
BT-mejor-fact,BT-M-F-528,528,528,..\instances\BT-mejor-fact\BT-M-F-528.txt
BT-mejor-fact,BT-M-F-529,529,529,..\instances\BT-mejor-fact\BT-M-F-529.txt
BT-mejor-fact,BT-M-F-530,530,530,..\instances\BT-mejor-fact\BT-M-F-530.txt
BT-mejor-fact,BT-M-F-531,531,531,..\instances\BT-mejor-fact\BT-M-F-531.txt
BT-mejor-fact,BT-M-F-532,532,532,..\instances\BT-mejor-fact\BT-M-F-532.txt
BT-mejor-fact,BT-M-F-533,533,533,..\instances\BT-mejor-fact\BT-M-F-533.txt
BT-mejor-fact,BT-M-F-534,534,534,..\instances\BT-mejor-fact\BT-M-F-534.txt
BT-mejor-fact,BT-M-F-535,535,535,..\instances\BT-mejor-fact\BT-M-F-535.txt
BT-mejor-fact,BT-M-F-536,536,536,..\instances\BT-mejor-fact\BT-M-F-536.txt
BT-mejor-fact,BT-M-F-537,537,537,..\instances\BT-mejor-fact\BT-M-F-537.txt
BT-mejor-fact,BT-M-F-538,538,538,..\instances\BT-mejor-fact\BT-M-F-538.txt
BT-mejor-fact,BT-M-F-539,539,539,..\instances\BT-mejor-fact\BT-M-F-539.txt
BT-mejor-fact,BT-M-F-540,540,540,..\instances\BT-mejor-fact\BT-M-F-540.txt
BT-mejor-fact,BT-M-F-541,541,541,..\instances\BT-mejor-fact\BT-M-F-541.txt
BT-mejor-fact,BT-M-F-542,542,542,..\instances\BT-mejor-fact\BT-M-F-542.txt
BT-mejor-fact,BT-M-F-543,543,543,..\instances\BT-mejor-fact\BT-M-F-543.txt
BT-mejor-fact,BT-M-F-544,544,544,..\instances\BT-mejor-fact\BT-M-F-544.txt
BT-mejor-fact,BT-M-F-545,545,545,..\instances\BT-mejor-fact\BT-M-F-545.txt
BT-mejor-fact,BT-M-F-546,546,546,..\instances\BT-mejor-fact\BT-M-F-546.txt
BT-mejor-fact,BT-M-F-547,547,547,..\instances\BT-mejor-fact\BT-M-F-547.txt
BT-mejor-fact,BT-M-F-548,548,548,..\instances\BT-mejor-fact\BT-M-F-548.txt
BT-mejor-fact,BT-M-F-549,549,549,..\instances\BT-mejor-fact\BT-M-F-549.txt
BT-mejor-fact,BT-M-F-550,550,550,..\instances\BT-mejor-fact\BT-M-F-550.txt
BT-mejor-fact,BT-M-F-551,551,551,..\instances\BT-mejor-fact\BT-M-F-551.txt
BT-mejor-fact,BT-M-F-552,552,552,..\instances\BT-mejor-fact\BT-M-F-552.txt
BT-mejor-fact,BT-M-F-553,553,553,..\instances\BT-mejor-fact\BT-M-F-553.txt
BT-mejor-fact,BT-M-F-554,554,554,..\instances\BT-mejor-fact\BT-M-F-554.txt
BT-mejor-fact,BT-M-F-555,555,555,..\instances\BT-mejor-fact\BT-M-F-555.txt
BT-mejor-fact,BT-M-F-556,556,556,..\instances\BT-mejor-fact\BT-M-F-556.txt
BT-mejor-fact,BT-M-F-557,557,557,..\instances\BT-mejor-fact\BT-M-F-557.txt
BT-mejor-fact,BT-M-F-558,558,558,..\instances\BT-mejor-fact\BT-M-F-558.txt
BT-mejor-fact,BT-M-F-559,559,559,..\instances\BT-mejor-fact\BT-M-F-559.txt
BT-mejor-fact,BT-M-F-560,560,560,..\instances\BT-mejor-fact\BT-M-F-560.txt
BT-mejor-fact,BT-M-F-561,561,561,..\instances\BT-mejor-fact\BT-M-F-561.txt
BT-mejor-fact,BT-M-F-562,562,562,..\instances\BT-mejor-fact\BT-M-F-562.txt
BT-mejor-fact,BT-M-F-563,563,563,..\instances\BT-mejor-fact\BT-M-F-563.txt
BT-mejor-fact,BT-M-F-564,564,564,..\instances\BT-mejor-fact\BT-M-F-564.txt
BT-mejor-fact,BT-M-F-565,565,565,..\instances\BT-mejor-fact\BT-M-F-565.txt
BT-mejor-fact,BT-M-F-566,566,566,..\instances\BT-mejor-fact\BT-M-F-566.txt
BT-mejor-fact,BT-M-F-567,567,567,..\instances\BT-mejor-fact\BT-M-F-567.txt
BT-mejor-fact,BT-M-F-568,568,568,..\instances\BT-mejor-fact\BT-M-F-568.txt
BT-mejor-fact,BT-M-F-569,569,569,..\instances\BT-mejor-fact\BT-M-F-569.txt
BT-mejor-fact,BT-M-F-570,570,570,..\instances\BT-mejor-fact\BT-M-F-570.txt
BT-mejor-fact,BT-M-F-571,571,571,..\instances\BT-mejor-fact\BT-M-F-571.txt
BT-mejor-fact,BT-M-F-572,572,572,..\instances\BT-mejor-fact\BT-M-F-572.txt
BT-mejor-fact,BT-M-F-573,573,573,..\instances\BT-mejor-fact\BT-M-F-573.txt
BT-mejor-fact,BT-M-F-574,574,574,..\instances\BT-mejor-fact\BT-M-F-574.txt
BT-mejor-fact,BT-M-F-575,575,575,..\instances\BT-mejor-fact\BT-M-F-575.txt
BT-mejor-fact,BT-M-F-576,576,576,..\instances\BT-mejor-fact\BT-M-F-576.txt
BT-mejor-fact,BT-M-F-577,577,577,..\instances\BT-mejor-fact\BT-M-F-577.txt
BT-mejor-fact,BT-M-F-578,578,578,..\instances\BT-mejor-fact\BT-M-F-578.txt
BT-mejor-fact,BT-M-F-579,579,579,..\instances\BT-mejor-fact\BT-M-F-579.txt
BT-mejor-fact,BT-M-F-580,580,580,..\instances\BT-mejor-fact\BT-M-F-580.txt
BT-mejor-fact,BT-M-F-581,581,581,..\instances\BT-mejor-fact\BT-M-F-581.txt
BT-mejor-fact,BT-M-F-582,582,582,..\instances\BT-mejor-fact\BT-M-F-582.txt
BT-mejor-fact,BT-M-F-583,583,583,..\instances\BT-mejor-fact\BT-M-F-583.txt
BT-mejor-fact,BT-M-F-584,584,584,..\instances\BT-mejor-fact\BT-M-F-584.txt
BT-mejor-fact,BT-M-F-585,585,585,..\instances\BT-mejor-fact\BT-M-F-585.txt
BT-mejor-fact,BT-M-F-586,586,586,..\instances\BT-mejor-fact\BT-M-F-586.txt
BT-mejor-fact,BT-M-F-587,587,587,..\instances\BT-mejor-fact\BT-M-F-587.txt
BT-mejor-fact,BT-M-F-588,588,588,..\instances\BT-mejor-fact\BT-M-F-588.txt
BT-mejor-fact,BT-M-F-589,589,589,..\instances\BT-mejor-fact\BT-M-F-589.txt
BT-mejor-fact,BT-M-F-590,590,590,..\instances\BT-mejor-fact\BT-M-F-590.txt
BT-mejor-fact,BT-M-F-591,591,591,..\instances\BT-mejor-fact\BT-M-F-591.txt
BT-mejor-fact,BT-M-F-592,592,592,..\instances\BT-mejor-fact\BT-M-F-592.txt
BT-mejor-fact,BT-M-F-593,593,593,..\instances\BT-mejor-fact\BT-M-F-593.txt
BT-mejor-fact,BT-M-F-594,594,594,..\instances\BT-mejor-fact\BT-M-F-594.txt
BT-mejor-fact,BT-M-F-595,595,595,..\instances\BT-mejor-fact\BT-M-F-595.txt
BT-mejor-fact,BT-M-F-596,596,596,..\instances\BT-mejor-fact\BT-M-F-596.txt
BT-mejor-fact,BT-M-F-597,597,597,..\instances\BT-mejor-fact\BT-M-F-597.txt
BT-mejor-fact,BT-M-F-598,598,598,..\instances\BT-mejor-fact\BT-M-F-598.txt
BT-mejor-fact,BT-M-F-599,599,599,..\instances\BT-mejor-fact\BT-M-F-599.txt
BT-mejor-fact,BT-M-F-600,600,600,..\instances\BT-mejor-fact\BT-M-F-600.txt
BT-mejor-fact,BT-M-F-601,601,601,..\instances\BT-mejor-fact\BT-M-F-601.txt
BT-mejor-fact,BT-M-F-602,602,602,..\instances\BT-mejor-fact\BT-M-F-602.txt
BT-mejor-fact,BT-M-F-603,603,603,..\instances\BT-mejor-fact\BT-M-F-603.txt
BT-mejor-fact,BT-M-F-604,604,604,..\instances\BT-mejor-fact\BT-M-F-604.txt
BT-mejor-fact,BT-M-F-605,605,605,..\instances\BT-mejor-fact\BT-M-F-605.txt
BT-mejor-fact,BT-M-F-606,606,606,..\instances\BT-mejor-fact\BT-M-F-606.txt
BT-mejor-fact,BT-M-F-607,607,607,..\instances\BT-mejor-fact\BT-M-F-607.txt
BT-mejor-fact,BT-M-F-608,608,608,..\instances\BT-mejor-fact\BT-M-F-608.txt
BT-mejor-fact,BT-M-F-609,609,609,..\instances\BT-mejor-fact\BT-M-F-609.txt
BT-mejor-fact,BT-M-F-610,610,610,..\instances\BT-mejor-fact\BT-M-F-610.txt
BT-mejor-fact,BT-M-F-611,611,611,..\instances\BT-mejor-fact\BT-M-F-611.txt
BT-mejor-fact,BT-M-F-612,612,612,..\instances\BT-mejor-fact\BT-M-F-612.txt
BT-mejor-fact,BT-M-F-613,613,613,..\instances\BT-mejor-fact\BT-M-F-613.txt
BT-mejor-fact,BT-M-F-614,614,614,..\instances\BT-mejor-fact\BT-M-F-614.txt
BT-mejor-fact,BT-M-F-615,615,615,..\instances\BT-mejor-fact\BT-M-F-615.txt
BT-mejor-fact,BT-M-F-616,616,616,..\instances\BT-mejor-fact\BT-M-F-616.txt
BT-mejor-fact,BT-M-F-617,617,617,..\instances\BT-mejor-fact\BT-M-F-617.txt
BT-mejor-fact,BT-M-F-618,618,618,..\instances\BT-mejor-fact\BT-M-F-618.txt
BT-mejor-fact,BT-M-F-619,619,619,..\instances\BT-mejor-fact\BT-M-F-619.txt
BT-mejor-fact,BT-M-F-620,620,620,..\instances\BT-mejor-fact\BT-M-F-620.txt
BT-mejor-fact,BT-M-F-621,621,621,..\instances\BT-mejor-fact\BT-M-F-621.txt
BT-mejor-fact,BT-M-F-622,622,622,..\instances\BT-mejor-fact\BT-M-F-622.txt
BT-mejor-fact,BT-M-F-623,623,623,..\instances\BT-mejor-fact\BT-M-F-623.txt
BT-mejor-fact,BT-M-F-624,624,624,..\instances\BT-mejor-fact\BT-M-F-624.txt
BT-mejor-fact,BT-M-F-625,625,625,..\instances\BT-mejor-fact\BT-M-F-625.txt
BT-mejor-fact,BT-M-F-626,626,626,..\instances\BT-mejor-fact\BT-M-F-626.txt
BT-mejor-fact,BT-M-F-627,627,627,..\instances\BT-mejor-fact\BT-M-F-627.txt
BT-mejor-fact,BT-M-F-628,628,628,..\instances\BT-mejor-fact\BT-M-F-628.txt
BT-mejor-fact,BT-M-F-629,629,629,..\instances\BT-mejor-fact\BT-M-F-629.txt
BT-mejor-fact,BT-M-F-630,630,630,..\instances\BT-mejor-fact\BT-M-F-630.txt
BT-mejor-fact,BT-M-F-631,631,631,..\instances\BT-mejor-fact\BT-M-F-631.txt
BT-mejor-fact,BT-M-F-632,632,632,..\instances\BT-mejor-fact\BT-M-F-632.txt
BT-mejor-fact,BT-M-F-633,633,633,..\instances\BT-mejor-fact\BT-M-F-633.txt
BT-mejor-fact,BT-M-F-634,634,634,..\instances\BT-mejor-fact\BT-M-F-634.txt
BT-mejor-fact,BT-M-F-635,635,635,..\instances\BT-mejor-fact\BT-M-F-635.txt
BT-mejor-fact,BT-M-F-636,636,636,..\instances\BT-mejor-fact\BT-M-F-636.txt
BT-mejor-fact,BT-M-F-637,637,637,..\instances\BT-mejor-fact\BT-M-F-637.txt
BT-mejor-fact,BT-M-F-638,638,638,..\instances\BT-mejor-fact\BT-M-F-638.txt
BT-mejor-fact,BT-M-F-639,639,639,..\instances\BT-mejor-fact\BT-M-F-639.txt
BT-mejor-fact,BT-M-F-640,640,640,..\instances\BT-mejor-fact\BT-M-F-640.txt
BT-mejor-fact,BT-M-F-641,641,641,..\instances\BT-mejor-fact\BT-M-F-641.txt
BT-mejor-fact,BT-M-F-642,642,642,..\instances\BT-mejor-fact\BT-M-F-642.txt
BT-mejor-fact,BT-M-F-643,643,643,..\instances\BT-mejor-fact\BT-M-F-643.txt
BT-mejor-fact,BT-M-F-644,644,644,..\instances\BT-mejor-fact\BT-M-F-644.txt
BT-mejor-fact,BT-M-F-645,645,645,..\instances\BT-mejor-fact\BT-M-F-645.txt
BT-mejor-fact,BT-M-F-646,646,646,..\instances\BT-mejor-fact\BT-M-F-646.txt
BT-mejor-fact,BT-M-F-647,647,647,..\instances\BT-mejor-fact\BT-M-F-647.txt
BT-mejor-fact,BT-M-F-648,648,648,..\instances\BT-mejor-fact\BT-M-F-648.txt
BT-mejor-fact,BT-M-F-649,649,649,..\instances\BT-mejor-fact\BT-M-F-649.txt
BT-mejor-fact,BT-M-F-650,650,650,..\instances\BT-mejor-fact\BT-M-F-650.txt
BT-mejor-fact,BT-M-F-651,651,651,..\instances\BT-mejor-fact\BT-M-F-651.txt
BT-mejor-fact,BT-M-F-652,652,652,..\instances\BT-mejor-fact\BT-M-F-652.txt
BT-mejor-fact,BT-M-F-653,653,653,..\instances\BT-mejor-fact\BT-M-F-653.txt
BT-mejor-fact,BT-M-F-654,654,654,..\instances\BT-mejor-fact\BT-M-F-654.txt
BT-mejor-fact,BT-M-F-655,655,655,..\instances\BT-mejor-fact\BT-M-F-655.txt
BT-mejor-fact,BT-M-F-656,656,656,..\instances\BT-mejor-fact\BT-M-F-656.txt
BT-mejor-fact,BT-M-F-657,657,657,..\instances\BT-mejor-fact\BT-M-F-657.txt
BT-mejor-fact,BT-M-F-658,658,658,..\instances\BT-mejor-fact\BT-M-F-658.txt
BT-mejor-fact,BT-M-F-659,659,659,..\instances\BT-mejor-fact\BT-M-F-659.txt
BT-mejor-fact,BT-M-F-660,660,660,..\instances\BT-mejor-fact\BT-M-F-660.txt
BT-mejor-fact,BT-M-F-661,661,661,..\instances\BT-mejor-fact\BT-M-F-661.txt
BT-mejor-fact,BT-M-F-662,662,662,..\instances\BT-mejor-fact\BT-M-F-662.txt
BT-mejor-fact,BT-M-F-663,663,663,..\instances\BT-mejor-fact\BT-M-F-663.txt
BT-mejor-fact,BT-M-F-664,664,664,..\instances\BT-mejor-fact\BT-M-F-664.txt
BT-mejor-fact,BT-M-F-665,665,665,..\instances\BT-mejor-fact\BT-M-F-665.txt
BT-mejor-fact,BT-M-F-666,666,666,..\instances\BT-mejor-fact\BT-M-F-666.txt
BT-mejor-fact,BT-M-F-667,667,667,..\instances\BT-mejor-fact\BT-M-F-667.txt
BT-mejor-fact,BT-M-F-668,668,668,..\instances\BT-mejor-fact\BT-M-F-668.txt
BT-mejor-fact,BT-M-F-669,669,669,..\instances\BT-mejor-fact\BT-M-F-669.txt
BT-mejor-fact,BT-M-F-670,670,670,..\instances\BT-mejor-fact\BT-M-F-670.txt
BT-mejor-fact,BT-M-F-671,671,671,..\instances\BT-mejor-fact\BT-M-F-671.txt
BT-mejor-fact,BT-M-F-672,672,672,..\instances\BT-mejor-fact\BT-M-F-672.txt
BT-mejor-fact,BT-M-F-673,673,673,..\instances\BT-mejor-fact\BT-M-F-673.txt
BT-mejor-fact,BT-M-F-674,674,674,..\instances\BT-mejor-fact\BT-M-F-674.txt
BT-mejor-fact,BT-M-F-675,675,675,..\instances\BT-mejor-fact\BT-M-F-675.txt
BT-mejor-fact,BT-M-F-676,676,676,..\instances\BT-mejor-fact\BT-M-F-676.txt
BT-mejor-fact,BT-M-F-677,677,677,..\instances\BT-mejor-fact\BT-M-F-677.txt
BT-mejor-fact,BT-M-F-678,678,678,..\instances\BT-mejor-fact\BT-M-F-678.txt
BT-mejor-fact,BT-M-F-679,679,679,..\instances\BT-mejor-fact\BT-M-F-679.txt
BT-mejor-fact,BT-M-F-680,680,680,..\instances\BT-mejor-fact\BT-M-F-680.txt
BT-mejor-fact,BT-M-F-681,681,681,..\instances\BT-mejor-fact\BT-M-F-681.txt
BT-mejor-fact,BT-M-F-682,682,682,..\instances\BT-mejor-fact\BT-M-F-682.txt
BT-mejor-fact,BT-M-F-683,683,683,..\instances\BT-mejor-fact\BT-M-F-683.txt
BT-mejor-fact,BT-M-F-684,684,684,..\instances\BT-mejor-fact\BT-M-F-684.txt
BT-mejor-fact,BT-M-F-685,685,685,..\instances\BT-mejor-fact\BT-M-F-685.txt
BT-mejor-fact,BT-M-F-686,686,686,..\instances\BT-mejor-fact\BT-M-F-686.txt
BT-mejor-fact,BT-M-F-687,687,687,..\instances\BT-mejor-fact\BT-M-F-687.txt
BT-mejor-fact,BT-M-F-688,688,688,..\instances\BT-mejor-fact\BT-M-F-688.txt
BT-mejor-fact,BT-M-F-689,689,689,..\instances\BT-mejor-fact\BT-M-F-689.txt
BT-mejor-fact,BT-M-F-690,690,690,..\instances\BT-mejor-fact\BT-M-F-690.txt
BT-mejor-fact,BT-M-F-691,691,691,..\instances\BT-mejor-fact\BT-M-F-691.txt
BT-mejor-fact,BT-M-F-692,692,692,..\instances\BT-mejor-fact\BT-M-F-692.txt
BT-mejor-fact,BT-M-F-693,693,693,..\instances\BT-mejor-fact\BT-M-F-693.txt
BT-mejor-fact,BT-M-F-694,694,694,..\instances\BT-mejor-fact\BT-M-F-694.txt
BT-mejor-fact,BT-M-F-695,695,695,..\instances\BT-mejor-fact\BT-M-F-695.txt
BT-mejor-fact,BT-M-F-696,696,696,..\instances\BT-mejor-fact\BT-M-F-696.txt
BT-mejor-fact,BT-M-F-697,697,697,..\instances\BT-mejor-fact\BT-M-F-697.txt
BT-mejor-fact,BT-M-F-698,698,698,..\instances\BT-mejor-fact\BT-M-F-698.txt
BT-mejor-fact,BT-M-F-699,699,699,..\instances\BT-mejor-fact\BT-M-F-699.txt
BT-mejor-fact,BT-M-F-700,700,700,..\instances\BT-mejor-fact\BT-M-F-700.txt
BT-mejor-fact,BT-M-F-701,701,701,..\instances\BT-mejor-fact\BT-M-F-701.txt
BT-mejor-fact,BT-M-F-702,702,702,..\instances\BT-mejor-fact\BT-M-F-702.txt
BT-mejor-fact,BT-M-F-703,703,703,..\instances\BT-mejor-fact\BT-M-F-703.txt
BT-mejor-fact,BT-M-F-704,704,704,..\instances\BT-mejor-fact\BT-M-F-704.txt
BT-mejor-fact,BT-M-F-705,705,705,..\instances\BT-mejor-fact\BT-M-F-705.txt
BT-mejor-fact,BT-M-F-706,706,706,..\instances\BT-mejor-fact\BT-M-F-706.txt
BT-mejor-fact,BT-M-F-707,707,707,..\instances\BT-mejor-fact\BT-M-F-707.txt
BT-mejor-fact,BT-M-F-708,708,708,..\instances\BT-mejor-fact\BT-M-F-708.txt
BT-mejor-fact,BT-M-F-709,709,709,..\instances\BT-mejor-fact\BT-M-F-709.txt
BT-mejor-fact,BT-M-F-710,710,710,..\instances\BT-mejor-fact\BT-M-F-710.txt
BT-mejor-fact,BT-M-F-711,711,711,..\instances\BT-mejor-fact\BT-M-F-711.txt
BT-mejor-fact,BT-M-F-712,712,712,..\instances\BT-mejor-fact\BT-M-F-712.txt
BT-mejor-fact,BT-M-F-713,713,713,..\instances\BT-mejor-fact\BT-M-F-713.txt
BT-mejor-fact,BT-M-F-714,714,714,..\instances\BT-mejor-fact\BT-M-F-714.txt
BT-mejor-fact,BT-M-F-715,715,715,..\instances\BT-mejor-fact\BT-M-F-715.txt
BT-mejor-fact,BT-M-F-716,716,716,..\instances\BT-mejor-fact\BT-M-F-716.txt
BT-mejor-fact,BT-M-F-717,717,717,..\instances\BT-mejor-fact\BT-M-F-717.txt
BT-mejor-fact,BT-M-F-718,718,718,..\instances\BT-mejor-fact\BT-M-F-718.txt
BT-mejor-fact,BT-M-F-719,719,719,..\instances\BT-mejor-fact\BT-M-F-719.txt
BT-mejor-fact,BT-M-F-720,720,720,..\instances\BT-mejor-fact\BT-M-F-720.txt
BT-mejor-fact,BT-M-F-721,721,721,..\instances\BT-mejor-fact\BT-M-F-721.txt
BT-mejor-fact,BT-M-F-722,722,722,..\instances\BT-mejor-fact\BT-M-F-722.txt
BT-mejor-fact,BT-M-F-723,723,723,..\instances\BT-mejor-fact\BT-M-F-723.txt
BT-mejor-fact,BT-M-F-724,724,724,..\instances\BT-mejor-fact\BT-M-F-724.txt
BT-mejor-fact,BT-M-F-725,725,725,..\instances\BT-mejor-fact\BT-M-F-725.txt
BT-mejor-fact,BT-M-F-726,726,726,..\instances\BT-mejor-fact\BT-M-F-726.txt
BT-mejor-fact,BT-M-F-727,727,727,..\instances\BT-mejor-fact\BT-M-F-727.txt
BT-mejor-fact,BT-M-F-728,728,728,..\instances\BT-mejor-fact\BT-M-F-728.txt
BT-mejor-fact,BT-M-F-729,729,729,..\instances\BT-mejor-fact\BT-M-F-729.txt
BT-mejor-fact,BT-M-F-730,730,730,..\instances\BT-mejor-fact\BT-M-F-730.txt
BT-mejor-fact,BT-M-F-731,731,731,..\instances\BT-mejor-fact\BT-M-F-731.txt
BT-mejor-fact,BT-M-F-732,732,732,..\instances\BT-mejor-fact\BT-M-F-732.txt
BT-mejor-fact,BT-M-F-733,733,733,..\instances\BT-mejor-fact\BT-M-F-733.txt
BT-mejor-fact,BT-M-F-734,734,734,..\instances\BT-mejor-fact\BT-M-F-734.txt
BT-mejor-fact,BT-M-F-735,735,735,..\instances\BT-mejor-fact\BT-M-F-735.txt
BT-mejor-fact,BT-M-F-736,736,736,..\instances\BT-mejor-fact\BT-M-F-736.txt
BT-mejor-fact,BT-M-F-737,737,737,..\instances\BT-mejor-fact\BT-M-F-737.txt
BT-mejor-fact,BT-M-F-738,738,738,..\instances\BT-mejor-fact\BT-M-F-738.txt
BT-mejor-fact,BT-M-F-739,739,739,..\instances\BT-mejor-fact\BT-M-F-739.txt
BT-mejor-fact,BT-M-F-740,740,740,..\instances\BT-mejor-fact\BT-M-F-740.txt
BT-mejor-fact,BT-M-F-741,741,741,..\instances\BT-mejor-fact\BT-M-F-741.txt
BT-mejor-fact,BT-M-F-742,742,742,..\instances\BT-mejor-fact\BT-M-F-742.txt
BT-mejor-fact,BT-M-F-743,743,743,..\instances\BT-mejor-fact\BT-M-F-743.txt
BT-mejor-fact,BT-M-F-744,744,744,..\instances\BT-mejor-fact\BT-M-F-744.txt
BT-mejor-fact,BT-M-F-745,745,745,..\instances\BT-mejor-fact\BT-M-F-745.txt
BT-mejor-fact,BT-M-F-746,746,746,..\instances\BT-mejor-fact\BT-M-F-746.txt
BT-mejor-fact,BT-M-F-747,747,747,..\instances\BT-mejor-fact\BT-M-F-747.txt
BT-mejor-fact,BT-M-F-748,748,748,..\instances\BT-mejor-fact\BT-M-F-748.txt
BT-mejor-fact,BT-M-F-749,749,749,..\instances\BT-mejor-fact\BT-M-F-749.txt
BT-mejor-fact,BT-M-F-750,750,750,..\instances\BT-mejor-fact\BT-M-F-750.txt
BT-mejor-fact,BT-M-F-751,751,751,..\instances\BT-mejor-fact\BT-M-F-751.txt
BT-mejor-fact,BT-M-F-752,752,752,..\instances\BT-mejor-fact\BT-M-F-752.txt
BT-mejor-fact,BT-M-F-753,753,753,..\instances\BT-mejor-fact\BT-M-F-753.txt
BT-mejor-fact,BT-M-F-754,754,754,..\instances\BT-mejor-fact\BT-M-F-754.txt
BT-mejor-fact,BT-M-F-755,755,755,..\instances\BT-mejor-fact\BT-M-F-755.txt
BT-mejor-fact,BT-M-F-756,756,756,..\instances\BT-mejor-fact\BT-M-F-756.txt
BT-mejor-fact,BT-M-F-757,757,757,..\instances\BT-mejor-fact\BT-M-F-757.txt
BT-mejor-fact,BT-M-F-758,758,758,..\instances\BT-mejor-fact\BT-M-F-758.txt
BT-mejor-fact,BT-M-F-759,759,759,..\instances\BT-mejor-fact\BT-M-F-759.txt
BT-mejor-fact,BT-M-F-760,760,760,..\instances\BT-mejor-fact\BT-M-F-760.txt
BT-mejor-fact,BT-M-F-761,761,761,..\instances\BT-mejor-fact\BT-M-F-761.txt
BT-mejor-fact,BT-M-F-762,762,762,..\instances\BT-mejor-fact\BT-M-F-762.txt
BT-mejor-fact,BT-M-F-763,763,763,..\instances\BT-mejor-fact\BT-M-F-763.txt
BT-mejor-fact,BT-M-F-764,764,764,..\instances\BT-mejor-fact\BT-M-F-764.txt
BT-mejor-fact,BT-M-F-765,765,765,..\instances\BT-mejor-fact\BT-M-F-765.txt
BT-mejor-fact,BT-M-F-766,766,766,..\instances\BT-mejor-fact\BT-M-F-766.txt
BT-mejor-fact,BT-M-F-767,767,767,..\instances\BT-mejor-fact\BT-M-F-767.txt
BT-mejor-fact,BT-M-F-768,768,768,..\instances\BT-mejor-fact\BT-M-F-768.txt
BT-mejor-fact,BT-M-F-769,769,769,..\instances\BT-mejor-fact\BT-M-F-769.txt
BT-mejor-fact,BT-M-F-770,770,770,..\instances\BT-mejor-fact\BT-M-F-770.txt
BT-mejor-fact,BT-M-F-771,771,771,..\instances\BT-mejor-fact\BT-M-F-771.txt
BT-mejor-fact,BT-M-F-772,772,772,..\instances\BT-mejor-fact\BT-M-F-772.txt
BT-mejor-fact,BT-M-F-773,773,773,..\instances\BT-mejor-fact\BT-M-F-773.txt
BT-mejor-fact,BT-M-F-774,774,774,..\instances\BT-mejor-fact\BT-M-F-774.txt
BT-mejor-fact,BT-M-F-775,775,775,..\instances\BT-mejor-fact\BT-M-F-775.txt
BT-mejor-fact,BT-M-F-776,776,776,..\instances\BT-mejor-fact\BT-M-F-776.txt
BT-mejor-fact,BT-M-F-777,777,777,..\instances\BT-mejor-fact\BT-M-F-777.txt
BT-mejor-fact,BT-M-F-778,778,778,..\instances\BT-mejor-fact\BT-M-F-778.txt
BT-mejor-fact,BT-M-F-779,779,779,..\instances\BT-mejor-fact\BT-M-F-779.txt
BT-mejor-fact,BT-M-F-780,780,780,..\instances\BT-mejor-fact\BT-M-F-780.txt
BT-mejor-fact,BT-M-F-781,781,781,..\instances\BT-mejor-fact\BT-M-F-781.txt
BT-mejor-fact,BT-M-F-782,782,782,..\instances\BT-mejor-fact\BT-M-F-782.txt
BT-mejor-fact,BT-M-F-783,783,783,..\instances\BT-mejor-fact\BT-M-F-783.txt
BT-mejor-fact,BT-M-F-784,784,784,..\instances\BT-mejor-fact\BT-M-F-784.txt
BT-mejor-fact,BT-M-F-785,785,785,..\instances\BT-mejor-fact\BT-M-F-785.txt
BT-mejor-fact,BT-M-F-786,786,786,..\instances\BT-mejor-fact\BT-M-F-786.txt
BT-mejor-fact,BT-M-F-787,787,787,..\instances\BT-mejor-fact\BT-M-F-787.txt
BT-mejor-fact,BT-M-F-788,788,788,..\instances\BT-mejor-fact\BT-M-F-788.txt
BT-mejor-fact,BT-M-F-789,789,789,..\instances\BT-mejor-fact\BT-M-F-789.txt
BT-mejor-fact,BT-M-F-790,790,790,..\instances\BT-mejor-fact\BT-M-F-790.txt
BT-mejor-fact,BT-M-F-791,791,791,..\instances\BT-mejor-fact\BT-M-F-791.txt
BT-mejor-fact,BT-M-F-792,792,792,..\instances\BT-mejor-fact\BT-M-F-792.txt
BT-mejor-fact,BT-M-F-793,793,793,..\instances\BT-mejor-fact\BT-M-F-793.txt
BT-mejor-fact,BT-M-F-794,794,794,..\instances\BT-mejor-fact\BT-M-F-794.txt
BT-mejor-fact,BT-M-F-795,795,795,..\instances\BT-mejor-fact\BT-M-F-795.txt
BT-mejor-fact,BT-M-F-796,796,796,..\instances\BT-mejor-fact\BT-M-F-796.txt
BT-mejor-fact,BT-M-F-797,797,797,..\instances\BT-mejor-fact\BT-M-F-797.txt
BT-mejor-fact,BT-M-F-798,798,798,..\instances\BT-mejor-fact\BT-M-F-798.txt
BT-mejor-fact,BT-M-F-799,799,799,..\instances\BT-mejor-fact\BT-M-F-799.txt
BT-mejor-fact,BT-M-F-800,800,800,..\instances\BT-mejor-fact\BT-M-F-800.txt
BT-mejor-fact,BT-M-F-801,801,801,..\instances\BT-mejor-fact\BT-M-F-801.txt
BT-mejor-fact,BT-M-F-802,802,802,..\instances\BT-mejor-fact\BT-M-F-802.txt
BT-mejor-fact,BT-M-F-803,803,803,..\instances\BT-mejor-fact\BT-M-F-803.txt
BT-mejor-fact,BT-M-F-804,804,804,..\instances\BT-mejor-fact\BT-M-F-804.txt
BT-mejor-fact,BT-M-F-805,805,805,..\instances\BT-mejor-fact\BT-M-F-805.txt
BT-mejor-fact,BT-M-F-806,806,806,..\instances\BT-mejor-fact\BT-M-F-806.txt
BT-mejor-fact,BT-M-F-807,807,807,..\instances\BT-mejor-fact\BT-M-F-807.txt
BT-mejor-fact,BT-M-F-808,808,808,..\instances\BT-mejor-fact\BT-M-F-808.txt
BT-mejor-fact,BT-M-F-809,809,809,..\instances\BT-mejor-fact\BT-M-F-809.txt
BT-mejor-fact,BT-M-F-810,810,810,..\instances\BT-mejor-fact\BT-M-F-810.txt
BT-mejor-fact,BT-M-F-811,811,811,..\instances\BT-mejor-fact\BT-M-F-811.txt
BT-mejor-fact,BT-M-F-812,812,812,..\instances\BT-mejor-fact\BT-M-F-812.txt
BT-mejor-fact,BT-M-F-813,813,813,..\instances\BT-mejor-fact\BT-M-F-813.txt
BT-mejor-fact,BT-M-F-814,814,814,..\instances\BT-mejor-fact\BT-M-F-814.txt
BT-mejor-fact,BT-M-F-815,815,815,..\instances\BT-mejor-fact\BT-M-F-815.txt
BT-mejor-fact,BT-M-F-816,816,816,..\instances\BT-mejor-fact\BT-M-F-816.txt
BT-mejor-fact,BT-M-F-817,817,817,..\instances\BT-mejor-fact\BT-M-F-817.txt
BT-mejor-fact,BT-M-F-818,818,818,..\instances\BT-mejor-fact\BT-M-F-818.txt
BT-mejor-fact,BT-M-F-819,819,819,..\instances\BT-mejor-fact\BT-M-F-819.txt
BT-mejor-fact,BT-M-F-820,820,820,..\instances\BT-mejor-fact\BT-M-F-820.txt
BT-mejor-fact,BT-M-F-821,821,821,..\instances\BT-mejor-fact\BT-M-F-821.txt
BT-mejor-fact,BT-M-F-822,822,822,..\instances\BT-mejor-fact\BT-M-F-822.txt
BT-mejor-fact,BT-M-F-823,823,823,..\instances\BT-mejor-fact\BT-M-F-823.txt
BT-mejor-fact,BT-M-F-824,824,824,..\instances\BT-mejor-fact\BT-M-F-824.txt
BT-mejor-fact,BT-M-F-825,825,825,..\instances\BT-mejor-fact\BT-M-F-825.txt
BT-mejor-fact,BT-M-F-826,826,826,..\instances\BT-mejor-fact\BT-M-F-826.txt
BT-mejor-fact,BT-M-F-827,827,827,..\instances\BT-mejor-fact\BT-M-F-827.txt
BT-mejor-fact,BT-M-F-828,828,828,..\instances\BT-mejor-fact\BT-M-F-828.txt
BT-mejor-fact,BT-M-F-829,829,829,..\instances\BT-mejor-fact\BT-M-F-829.txt
BT-mejor-fact,BT-M-F-830,830,830,..\instances\BT-mejor-fact\BT-M-F-830.txt
BT-mejor-fact,BT-M-F-831,831,831,..\instances\BT-mejor-fact\BT-M-F-831.txt
BT-mejor-fact,BT-M-F-832,832,832,..\instances\BT-mejor-fact\BT-M-F-832.txt
BT-mejor-fact,BT-M-F-833,833,833,..\instances\BT-mejor-fact\BT-M-F-833.txt
BT-mejor-fact,BT-M-F-834,834,834,..\instances\BT-mejor-fact\BT-M-F-834.txt
BT-mejor-fact,BT-M-F-835,835,835,..\instances\BT-mejor-fact\BT-M-F-835.txt
BT-mejor-fact,BT-M-F-836,836,836,..\instances\BT-mejor-fact\BT-M-F-836.txt
BT-mejor-fact,BT-M-F-837,837,837,..\instances\BT-mejor-fact\BT-M-F-837.txt
BT-mejor-fact,BT-M-F-838,838,838,..\instances\BT-mejor-fact\BT-M-F-838.txt
BT-mejor-fact,BT-M-F-839,839,839,..\instances\BT-mejor-fact\BT-M-F-839.txt
BT-mejor-fact,BT-M-F-840,840,840,..\instances\BT-mejor-fact\BT-M-F-840.txt
BT-mejor-fact,BT-M-F-841,841,841,..\instances\BT-mejor-fact\BT-M-F-841.txt
BT-mejor-fact,BT-M-F-842,842,842,..\instances\BT-mejor-fact\BT-M-F-842.txt
BT-mejor-fact,BT-M-F-843,843,843,..\instances\BT-mejor-fact\BT-M-F-843.txt
BT-mejor-fact,BT-M-F-844,844,844,..\instances\BT-mejor-fact\BT-M-F-844.txt
BT-mejor-fact,BT-M-F-845,845,845,..\instances\BT-mejor-fact\BT-M-F-845.txt
BT-mejor-fact,BT-M-F-846,846,846,..\instances\BT-mejor-fact\BT-M-F-846.txt
BT-mejor-fact,BT-M-F-847,847,847,..\instances\BT-mejor-fact\BT-M-F-847.txt
BT-mejor-fact,BT-M-F-848,848,848,..\instances\BT-mejor-fact\BT-M-F-848.txt
BT-mejor-fact,BT-M-F-849,849,849,..\instances\BT-mejor-fact\BT-M-F-849.txt
BT-mejor-fact,BT-M-F-850,850,850,..\instances\BT-mejor-fact\BT-M-F-850.txt
BT-mejor-fact,BT-M-F-851,851,851,..\instances\BT-mejor-fact\BT-M-F-851.txt
BT-mejor-fact,BT-M-F-852,852,852,..\instances\BT-mejor-fact\BT-M-F-852.txt
BT-mejor-fact,BT-M-F-853,853,853,..\instances\BT-mejor-fact\BT-M-F-853.txt
BT-mejor-fact,BT-M-F-854,854,854,..\instances\BT-mejor-fact\BT-M-F-854.txt
BT-mejor-fact,BT-M-F-855,855,855,..\instances\BT-mejor-fact\BT-M-F-855.txt
BT-mejor-fact,BT-M-F-856,856,856,..\instances\BT-mejor-fact\BT-M-F-856.txt
BT-mejor-fact,BT-M-F-857,857,857,..\instances\BT-mejor-fact\BT-M-F-857.txt
BT-mejor-fact,BT-M-F-858,858,858,..\instances\BT-mejor-fact\BT-M-F-858.txt
BT-mejor-fact,BT-M-F-859,859,859,..\instances\BT-mejor-fact\BT-M-F-859.txt
BT-mejor-fact,BT-M-F-860,860,860,..\instances\BT-mejor-fact\BT-M-F-860.txt
BT-mejor-fact,BT-M-F-861,861,861,..\instances\BT-mejor-fact\BT-M-F-861.txt
BT-mejor-fact,BT-M-F-862,862,862,..\instances\BT-mejor-fact\BT-M-F-862.txt
BT-mejor-fact,BT-M-F-863,863,863,..\instances\BT-mejor-fact\BT-M-F-863.txt
BT-mejor-fact,BT-M-F-864,864,864,..\instances\BT-mejor-fact\BT-M-F-864.txt
BT-mejor-fact,BT-M-F-865,865,865,..\instances\BT-mejor-fact\BT-M-F-865.txt
BT-mejor-fact,BT-M-F-866,866,866,..\instances\BT-mejor-fact\BT-M-F-866.txt
BT-mejor-fact,BT-M-F-867,867,867,..\instances\BT-mejor-fact\BT-M-F-867.txt
BT-mejor-fact,BT-M-F-868,868,868,..\instances\BT-mejor-fact\BT-M-F-868.txt
BT-mejor-fact,BT-M-F-869,869,869,..\instances\BT-mejor-fact\BT-M-F-869.txt
BT-mejor-fact,BT-M-F-870,870,870,..\instances\BT-mejor-fact\BT-M-F-870.txt
BT-mejor-fact,BT-M-F-871,871,871,..\instances\BT-mejor-fact\BT-M-F-871.txt
BT-mejor-fact,BT-M-F-872,872,872,..\instances\BT-mejor-fact\BT-M-F-872.txt
BT-mejor-fact,BT-M-F-873,873,873,..\instances\BT-mejor-fact\BT-M-F-873.txt
BT-mejor-fact,BT-M-F-874,874,874,..\instances\BT-mejor-fact\BT-M-F-874.txt
BT-mejor-fact,BT-M-F-875,875,875,..\instances\BT-mejor-fact\BT-M-F-875.txt
BT-mejor-fact,BT-M-F-876,876,876,..\instances\BT-mejor-fact\BT-M-F-876.txt
BT-mejor-fact,BT-M-F-877,877,877,..\instances\BT-mejor-fact\BT-M-F-877.txt
BT-mejor-fact,BT-M-F-878,878,878,..\instances\BT-mejor-fact\BT-M-F-878.txt
BT-mejor-fact,BT-M-F-879,879,879,..\instances\BT-mejor-fact\BT-M-F-879.txt
BT-mejor-fact,BT-M-F-880,880,880,..\instances\BT-mejor-fact\BT-M-F-880.txt
BT-mejor-fact,BT-M-F-881,881,881,..\instances\BT-mejor-fact\BT-M-F-881.txt
BT-mejor-fact,BT-M-F-882,882,882,..\instances\BT-mejor-fact\BT-M-F-882.txt
BT-mejor-fact,BT-M-F-883,883,883,..\instances\BT-mejor-fact\BT-M-F-883.txt
BT-mejor-fact,BT-M-F-884,884,884,..\instances\BT-mejor-fact\BT-M-F-884.txt
BT-mejor-fact,BT-M-F-885,885,885,..\instances\BT-mejor-fact\BT-M-F-885.txt
BT-mejor-fact,BT-M-F-886,886,886,..\instances\BT-mejor-fact\BT-M-F-886.txt
BT-mejor-fact,BT-M-F-887,887,887,..\instances\BT-mejor-fact\BT-M-F-887.txt
BT-mejor-fact,BT-M-F-888,888,888,..\instances\BT-mejor-fact\BT-M-F-888.txt
BT-mejor-fact,BT-M-F-889,889,889,..\instances\BT-mejor-fact\BT-M-F-889.txt
BT-mejor-fact,BT-M-F-890,890,890,..\instances\BT-mejor-fact\BT-M-F-890.txt
BT-mejor-fact,BT-M-F-891,891,891,..\instances\BT-mejor-fact\BT-M-F-891.txt
BT-mejor-fact,BT-M-F-892,892,892,..\instances\BT-mejor-fact\BT-M-F-892.txt
BT-mejor-fact,BT-M-F-893,893,893,..\instances\BT-mejor-fact\BT-M-F-893.txt
BT-mejor-fact,BT-M-F-894,894,894,..\instances\BT-mejor-fact\BT-M-F-894.txt
BT-mejor-fact,BT-M-F-895,895,895,..\instances\BT-mejor-fact\BT-M-F-895.txt
BT-mejor-fact,BT-M-F-896,896,896,..\instances\BT-mejor-fact\BT-M-F-896.txt
BT-mejor-fact,BT-M-F-897,897,897,..\instances\BT-mejor-fact\BT-M-F-897.txt
BT-mejor-fact,BT-M-F-898,898,898,..\instances\BT-mejor-fact\BT-M-F-898.txt
BT-mejor-fact,BT-M-F-899,899,899,..\instances\BT-mejor-fact\BT-M-F-899.txt
BT-mejor-fact,BT-M-F-900,900,900,..\instances\BT-mejor-fact\BT-M-F-900.txt
BT-mejor-fact,BT-M-F-901,901,901,..\instances\BT-mejor-fact\BT-M-F-901.txt
BT-mejor-fact,BT-M-F-902,902,902,..\instances\BT-mejor-fact\BT-M-F-902.txt
BT-mejor-fact,BT-M-F-903,903,903,..\instances\BT-mejor-fact\BT-M-F-903.txt
BT-mejor-fact,BT-M-F-904,904,904,..\instances\BT-mejor-fact\BT-M-F-904.txt
BT-mejor-fact,BT-M-F-905,905,905,..\instances\BT-mejor-fact\BT-M-F-905.txt
BT-mejor-fact,BT-M-F-906,906,906,..\instances\BT-mejor-fact\BT-M-F-906.txt
BT-mejor-fact,BT-M-F-907,907,907,..\instances\BT-mejor-fact\BT-M-F-907.txt
BT-mejor-fact,BT-M-F-908,908,908,..\instances\BT-mejor-fact\BT-M-F-908.txt
BT-mejor-fact,BT-M-F-909,909,909,..\instances\BT-mejor-fact\BT-M-F-909.txt
BT-mejor-fact,BT-M-F-910,910,910,..\instances\BT-mejor-fact\BT-M-F-910.txt
BT-mejor-fact,BT-M-F-911,911,911,..\instances\BT-mejor-fact\BT-M-F-911.txt
BT-mejor-fact,BT-M-F-912,912,912,..\instances\BT-mejor-fact\BT-M-F-912.txt
BT-mejor-fact,BT-M-F-913,913,913,..\instances\BT-mejor-fact\BT-M-F-913.txt
BT-mejor-fact,BT-M-F-914,914,914,..\instances\BT-mejor-fact\BT-M-F-914.txt
BT-mejor-fact,BT-M-F-915,915,915,..\instances\BT-mejor-fact\BT-M-F-915.txt
BT-mejor-fact,BT-M-F-916,916,916,..\instances\BT-mejor-fact\BT-M-F-916.txt
BT-mejor-fact,BT-M-F-917,917,917,..\instances\BT-mejor-fact\BT-M-F-917.txt
BT-mejor-fact,BT-M-F-918,918,918,..\instances\BT-mejor-fact\BT-M-F-918.txt
BT-mejor-fact,BT-M-F-919,919,919,..\instances\BT-mejor-fact\BT-M-F-919.txt
BT-mejor-fact,BT-M-F-920,920,920,..\instances\BT-mejor-fact\BT-M-F-920.txt
BT-mejor-fact,BT-M-F-921,921,921,..\instances\BT-mejor-fact\BT-M-F-921.txt
BT-mejor-fact,BT-M-F-922,922,922,..\instances\BT-mejor-fact\BT-M-F-922.txt
BT-mejor-fact,BT-M-F-923,923,923,..\instances\BT-mejor-fact\BT-M-F-923.txt
BT-mejor-fact,BT-M-F-924,924,924,..\instances\BT-mejor-fact\BT-M-F-924.txt
BT-mejor-fact,BT-M-F-925,925,925,..\instances\BT-mejor-fact\BT-M-F-925.txt
BT-mejor-fact,BT-M-F-926,926,926,..\instances\BT-mejor-fact\BT-M-F-926.txt
BT-mejor-fact,BT-M-F-927,927,927,..\instances\BT-mejor-fact\BT-M-F-927.txt
BT-mejor-fact,BT-M-F-928,928,928,..\instances\BT-mejor-fact\BT-M-F-928.txt
BT-mejor-fact,BT-M-F-929,929,929,..\instances\BT-mejor-fact\BT-M-F-929.txt
BT-mejor-fact,BT-M-F-930,930,930,..\instances\BT-mejor-fact\BT-M-F-930.txt
BT-mejor-fact,BT-M-F-931,931,931,..\instances\BT-mejor-fact\BT-M-F-931.txt
BT-mejor-fact,BT-M-F-932,932,932,..\instances\BT-mejor-fact\BT-M-F-932.txt
BT-mejor-fact,BT-M-F-933,933,933,..\instances\BT-mejor-fact\BT-M-F-933.txt
BT-mejor-fact,BT-M-F-934,934,934,..\instances\BT-mejor-fact\BT-M-F-934.txt
BT-mejor-fact,BT-M-F-935,935,935,..\instances\BT-mejor-fact\BT-M-F-935.txt
BT-mejor-fact,BT-M-F-936,936,936,..\instances\BT-mejor-fact\BT-M-F-936.txt
BT-mejor-fact,BT-M-F-937,937,937,..\instances\BT-mejor-fact\BT-M-F-937.txt
BT-mejor-fact,BT-M-F-938,938,938,..\instances\BT-mejor-fact\BT-M-F-938.txt
BT-mejor-fact,BT-M-F-939,939,939,..\instances\BT-mejor-fact\BT-M-F-939.txt
BT-mejor-fact,BT-M-F-940,940,940,..\instances\BT-mejor-fact\BT-M-F-940.txt
BT-mejor-fact,BT-M-F-941,941,941,..\instances\BT-mejor-fact\BT-M-F-941.txt
BT-mejor-fact,BT-M-F-942,942,942,..\instances\BT-mejor-fact\BT-M-F-942.txt
BT-mejor-fact,BT-M-F-943,943,943,..\instances\BT-mejor-fact\BT-M-F-943.txt
BT-mejor-fact,BT-M-F-944,944,944,..\instances\BT-mejor-fact\BT-M-F-944.txt
BT-mejor-fact,BT-M-F-945,945,945,..\instances\BT-mejor-fact\BT-M-F-945.txt
BT-mejor-fact,BT-M-F-946,946,946,..\instances\BT-mejor-fact\BT-M-F-946.txt
BT-mejor-fact,BT-M-F-947,947,947,..\instances\BT-mejor-fact\BT-M-F-947.txt
BT-mejor-fact,BT-M-F-948,948,948,..\instances\BT-mejor-fact\BT-M-F-948.txt
BT-mejor-fact,BT-M-F-949,949,949,..\instances\BT-mejor-fact\BT-M-F-949.txt
BT-mejor-fact,BT-M-F-950,950,950,..\instances\BT-mejor-fact\BT-M-F-950.txt
BT-mejor-fact,BT-M-F-951,951,951,..\instances\BT-mejor-fact\BT-M-F-951.txt
BT-mejor-fact,BT-M-F-952,952,952,..\instances\BT-mejor-fact\BT-M-F-952.txt
BT-mejor-fact,BT-M-F-953,953,953,..\instances\BT-mejor-fact\BT-M-F-953.txt
BT-mejor-fact,BT-M-F-954,954,954,..\instances\BT-mejor-fact\BT-M-F-954.txt
BT-mejor-fact,BT-M-F-955,955,955,..\instances\BT-mejor-fact\BT-M-F-955.txt
BT-mejor-fact,BT-M-F-956,956,956,..\instances\BT-mejor-fact\BT-M-F-956.txt
BT-mejor-fact,BT-M-F-957,957,957,..\instances\BT-mejor-fact\BT-M-F-957.txt
BT-mejor-fact,BT-M-F-958,958,958,..\instances\BT-mejor-fact\BT-M-F-958.txt
BT-mejor-fact,BT-M-F-959,959,959,..\instances\BT-mejor-fact\BT-M-F-959.txt
BT-mejor-fact,BT-M-F-960,960,960,..\instances\BT-mejor-fact\BT-M-F-960.txt
BT-mejor-fact,BT-M-F-961,961,961,..\instances\BT-mejor-fact\BT-M-F-961.txt
BT-mejor-fact,BT-M-F-962,962,962,..\instances\BT-mejor-fact\BT-M-F-962.txt
BT-mejor-fact,BT-M-F-963,963,963,..\instances\BT-mejor-fact\BT-M-F-963.txt
BT-mejor-fact,BT-M-F-964,964,964,..\instances\BT-mejor-fact\BT-M-F-964.txt
BT-mejor-fact,BT-M-F-965,965,965,..\instances\BT-mejor-fact\BT-M-F-965.txt
BT-mejor-fact,BT-M-F-966,966,966,..\instances\BT-mejor-fact\BT-M-F-966.txt
BT-mejor-fact,BT-M-F-967,967,967,..\instances\BT-mejor-fact\BT-M-F-967.txt
BT-mejor-fact,BT-M-F-968,968,968,..\instances\BT-mejor-fact\BT-M-F-968.txt
BT-mejor-fact,BT-M-F-969,969,969,..\instances\BT-mejor-fact\BT-M-F-969.txt
BT-mejor-fact,BT-M-F-970,970,970,..\instances\BT-mejor-fact\BT-M-F-970.txt
BT-mejor-fact,BT-M-F-971,971,971,..\instances\BT-mejor-fact\BT-M-F-971.txt
BT-mejor-fact,BT-M-F-972,972,972,..\instances\BT-mejor-fact\BT-M-F-972.txt
BT-mejor-fact,BT-M-F-973,973,973,..\instances\BT-mejor-fact\BT-M-F-973.txt
BT-mejor-fact,BT-M-F-974,974,974,..\instances\BT-mejor-fact\BT-M-F-974.txt
BT-mejor-fact,BT-M-F-975,975,975,..\instances\BT-mejor-fact\BT-M-F-975.txt
BT-mejor-fact,BT-M-F-976,976,976,..\instances\BT-mejor-fact\BT-M-F-976.txt
BT-mejor-fact,BT-M-F-977,977,977,..\instances\BT-mejor-fact\BT-M-F-977.txt
BT-mejor-fact,BT-M-F-978,978,978,..\instances\BT-mejor-fact\BT-M-F-978.txt
BT-mejor-fact,BT-M-F-979,979,979,..\instances\BT-mejor-fact\BT-M-F-979.txt
BT-mejor-fact,BT-M-F-980,980,980,..\instances\BT-mejor-fact\BT-M-F-980.txt
BT-mejor-fact,BT-M-F-981,981,981,..\instances\BT-mejor-fact\BT-M-F-981.txt
BT-mejor-fact,BT-M-F-982,982,982,..\instances\BT-mejor-fact\BT-M-F-982.txt
BT-mejor-fact,BT-M-F-983,983,983,..\instances\BT-mejor-fact\BT-M-F-983.txt
BT-mejor-fact,BT-M-F-984,984,984,..\instances\BT-mejor-fact\BT-M-F-984.txt
BT-mejor-fact,BT-M-F-985,985,985,..\instances\BT-mejor-fact\BT-M-F-985.txt
BT-mejor-fact,BT-M-F-986,986,986,..\instances\BT-mejor-fact\BT-M-F-986.txt
BT-mejor-fact,BT-M-F-987,987,987,..\instances\BT-mejor-fact\BT-M-F-987.txt
BT-mejor-fact,BT-M-F-988,988,988,..\instances\BT-mejor-fact\BT-M-F-988.txt
BT-mejor-fact,BT-M-F-989,989,989,..\instances\BT-mejor-fact\BT-M-F-989.txt
BT-mejor-fact,BT-M-F-990,990,990,..\instances\BT-mejor-fact\BT-M-F-990.txt
BT-mejor-fact,BT-M-F-991,991,991,..\instances\BT-mejor-fact\BT-M-F-991.txt
BT-mejor-fact,BT-M-F-992,992,992,..\instances\BT-mejor-fact\BT-M-F-992.txt
BT-mejor-fact,BT-M-F-993,993,993,..\instances\BT-mejor-fact\BT-M-F-993.txt
BT-mejor-fact,BT-M-F-994,994,994,..\instances\BT-mejor-fact\BT-M-F-994.txt
BT-mejor-fact,BT-M-F-995,995,995,..\instances\BT-mejor-fact\BT-M-F-995.txt
BT-mejor-fact,BT-M-F-996,996,996,..\instances\BT-mejor-fact\BT-M-F-996.txt
BT-mejor-fact,BT-M-F-997,997,997,..\instances\BT-mejor-fact\BT-M-F-997.txt
BT-mejor-fact,BT-M-F-998,998,998,..\instances\BT-mejor-fact\BT-M-F-998.txt
BT-mejor-fact,BT-M-F-999,999,999,..\instances\BT-mejor-fact\BT-M-F-999.txt
BT-mejor-fact,BT-M-F-1000,1000,1000,..\instances\BT-mejor-fact\BT-M-F-1000.txt
